order_id,customer_id,order_date,order_status,order_total,currency
O000001,C00441,2023-12-13 07:00:31.148479223,COMPLETED,220.42,USD
O000002,C00859,2023-09-14 08:02:14.850799322,SHIPPED,3771.12,USD
O000003,C00227,2023-09-21 14:27:56.533592462,COMPLETED,2138.27,USD
O000004,C00528,2024-09-14 02:47:34.446431637,COMPLETED,4977.84,USD
O000005,C00354,2024-02-09 06:07:10.845258713,COMPLETED,504.33,USD
O000006,C00623,2024-06-08 01:02:41.106551170,COMPLETED,4281.03,EUR
O000007,C01025,2024-10-16 20:06:53.296963215,COMPLETED,2410.32,USD
O000008,C00927,2024-10-20 06:30:50.991235256,COMPLETED,4139.21,USD
O000009,C01185,2023-08-28 19:28:43.075197697,SHIPPED,4089.29,INR
O000010,C00161,2024-11-26 06:56:46.069168806,PENDING,4581.64,EUR
O000011,C00871,2023-01-19 03:49:31.630425215,COMPLETED,1503.29,USD
O000012,C01152,2023-10-03 02:09:32.504411697,PENDING,4750.0,USD
O000013,C01175,2024-10-15 22:23:45.540797710,COMPLETED,775.3,USD
O000014,C00444,2023-07-20 11:38:17.283816814,COMPLETED,428.2,USD
O000015,C00463,2023-07-19 08:23:13.234666109,COMPLETED,2169.45,USD
O000016,C01054,2023-08-09 21:56:32.764684916,SHIPPED,4145.05,USD
O000017,C00473,2024-03-22 23:43:49.809065104,COMPLETED,2377.64,USD
O000018,C00557,2023-11-16 23:35:24.823548555,SHIPPED,4149.85,USD
O000019,C00080,2024-06-14 12:23:39.598478079,SHIPPED,3653.84,USD
O000020,C01063,2024-10-15 06:50:04.047838688,COMPLETED,1062.95,USD
O000021,C00240,2024-05-07 03:58:22.976396084,SHIPPED,4745.43,USD
O000022,C00557,2023-05-30 06:15:24.976301432,CANCELLED,322.69,USD
O000023,C00590,2024-11-11 20:35:12.945681572,COMPLETED,4493.43,USD
O000024,C01140,2023-07-13 01:54:54.507772207,COMPLETED,1536.13,USD
O000025,C00269,2023-04-20 10:08:52.994937658,SHIPPED,2510.74,USD
O000026,C00335,2023-03-07 16:13:36.212318420,SHIPPED,2123.31,USD
O000027,C00312,2024-02-16 06:28:59.291296482,COMPLETED,875.74,USD
O000028,C01077,2023-03-25 01:07:06.033579588,COMPLETED,1803.57,EUR
O000029,C01092,2023-04-12 07:21:12.562751770,COMPLETED,980.81,INR
O000030,C00694,2023-08-08 00:32:02.472119093,COMPLETED,1035.35,USD
O000031,C00034,2023-07-25 14:33:38.626818419,COMPLETED,951.54,INR
O000032,C00386,2024-03-17 02:16:34.395668983,CANCELLED,2455.31,USD
O000033,C00249,2024-08-19 05:22:38.266901016,SHIPPED,3993.7,USD
O000034,C01135,2024-07-09 18:50:45.516028881,COMPLETED,2853.47,INR
O000035,C01118,2023-07-11 14:43:39.527877569,SHIPPED,4468.17,USD
O000036,C01071,2023-06-29 01:50:23.728971720,PENDING,3189.99,USD
O000037,C00794,2024-12-06 00:40:03.386906624,COMPLETED,3452.91,USD
O000038,C00852,2023-01-07 00:17:56.229688168,COMPLETED,3344.68,USD
O000039,C00874,2024-10-04 04:42:13.461174011,COMPLETED,2258.31,USD
O000040,C00376,2023-05-26 19:14:37.158088207,SHIPPED,3452.91,USD
O000041,C00724,2024-11-22 12:25:16.825917721,COMPLETED,367.14,USD
O000042,C00202,2023-09-07 21:13:25.068641424,CANCELLED,4302.06,USD
O000043,C00445,2023-11-18 10:57:47.082995176,COMPLETED,3893.5,USD
O000044,C00297,2024-05-31 04:45:11.362699986,COMPLETED,1241.25,INR
O000045,C00493,2024-03-04 23:57:42.414521456,COMPLETED,3844.8,EUR
O000046,C00338,2023-08-21 02:17:49.403268814,COMPLETED,82.96,USD
O000047,C00923,2024-02-09 07:07:03.525615454,SHIPPED,1101.89,USD
O000048,C01090,2024-06-17 09:59:04.610535860,CANCELLED,344.38,EUR
O000049,C00792,2023-01-31 21:42:29.707962036,COMPLETED,3905.53,USD
O000050,C00962,2023-01-09 04:12:42.581087828,CANCELLED,3784.25,USD
O000051,C00317,2023-12-01 09:19:57.981205463,PENDING,4071.91,USD
O000052,C00942,2023-04-07 05:46:39.158103228,COMPLETED,42.32,EUR
O000053,C00626,2024-04-29 23:18:43.151262522,SHIPPED,2516.14,USD
O000054,C00075,2023-06-06 06:11:56.519176722,COMPLETED,3530.08,USD
O000055,C00939,2023-11-12 23:33:05.007816553,COMPLETED,793.9,USD
O000056,C00059,2023-05-25 07:11:41.330533981,COMPLETED,3255.96,USD
O000057,C00386,2024-02-05 09:25:56.720368862,SHIPPED,438.87,USD
O000058,C00015,2023-03-26 17:15:23.790303469,COMPLETED,923.0,USD
O000059,C00199,2023-01-17 20:49:55.419012070,PENDING,2389.47,USD
O000060,C00035,2023-02-07 07:49:34.678665638,PENDING,3274.75,USD
O000061,C00162,2024-11-27 14:36:28.423253536,COMPLETED,746.43,USD
O000062,C00982,2023-04-14 20:51:16.380228996,COMPLETED,942.41,EUR
O000063,C00799,2024-06-01 04:32:20.381846428,COMPLETED,1038.14,EUR
O000064,C00895,2023-02-19 14:04:01.552742004,COMPLETED,1208.73,USD
O000065,C00471,2023-03-20 22:58:09.736177444,COMPLETED,1148.24,USD
O000066,C00531,2024-01-07 11:30:42.928889513,COMPLETED,1987.84,USD
O000067,C00792,2023-12-06 08:32:19.306694746,COMPLETED,3275.87,USD
O000068,C00852,2024-11-25 15:41:13.276991367,COMPLETED,2201.4,EUR
O000069,C00348,2024-11-20 17:31:01.692924023,COMPLETED,3884.35,USD
O000070,C00694,2024-07-23 02:44:36.302438259,COMPLETED,3601.96,USD
O000071,C00935,2024-03-15 12:49:26.629792213,SHIPPED,650.1,EUR
O000072,C00913,2023-11-29 02:54:17.138612032,CANCELLED,263.23,INR
O000073,C00147,2023-09-18 00:14:52.517162085,COMPLETED,4392.15,USD
O000074,C00675,2024-11-22 08:58:25.762842178,COMPLETED,417.56,USD
O000075,C00687,2024-03-16 02:57:44.554177761,COMPLETED,758.73,USD
O000076,C00960,2024-02-27 17:21:02.466211081,COMPLETED,130.22,EUR
O000077,C00686,2023-06-19 06:54:27.552208900,COMPLETED,3149.12,EUR
O000078,C01127,2023-02-04 02:08:44.769649744,SHIPPED,2920.21,USD
O000079,C00121,2024-11-20 23:42:14.102593899,CANCELLED,4934.78,USD
O000080,C00419,2023-08-18 00:38:30.245850086,COMPLETED,4436.92,USD
O000081,C00350,2023-11-20 02:09:34.879120350,SHIPPED,2066.0,USD
O000082,C00042,2023-03-25 16:29:30.521837711,COMPLETED,1870.5,USD
O000083,C00029,2024-09-02 22:54:51.336038828,COMPLETED,1498.32,USD
O000084,C00966,2023-01-21 04:06:34.961889267,COMPLETED,778.99,USD
O000085,C00785,2024-08-31 19:31:05.347114325,COMPLETED,707.66,EUR
O000086,C00014,2023-04-13 09:47:36.326562643,COMPLETED,678.77,USD
O000087,C00920,2024-10-09 04:36:11.711872101,COMPLETED,588.29,USD
O000088,C00818,2024-06-16 17:36:59.782066107,COMPLETED,1217.75,USD
O000089,C00825,2023-05-01 05:01:22.796860695,COMPLETED,1547.21,EUR
O000090,C00872,2024-02-18 01:07:52.445632458,SHIPPED,4808.66,USD
O000091,C00295,2023-08-17 05:44:19.059012413,CANCELLED,2900.8,INR
O000092,C00864,2023-05-11 02:38:38.014551401,COMPLETED,4938.23,USD
O000093,C00548,2024-09-19 04:52:19.681257486,COMPLETED,1874.89,INR
O000094,C01061,2023-10-22 13:43:07.929143906,COMPLETED,2298.98,EUR
O000095,C01008,2023-10-18 22:29:09.152453423,PENDING,1636.4,USD
O000096,C01038,2023-05-05 00:24:52.353403091,COMPLETED,930.78,INR
O000097,C00635,2023-10-07 15:18:38.322082281,COMPLETED,732.96,USD
O000098,C00595,2024-09-28 06:43:37.731653214,COMPLETED,4726.49,USD
O000099,C01183,2023-09-23 02:00:54.028002262,COMPLETED,4934.32,USD
O000100,C00614,2024-11-25 16:05:39.893986702,COMPLETED,243.65,USD
O000101,C01107,2024-11-21 19:19:54.890871525,CANCELLED,768.72,EUR
O000102,C01046,2023-04-16 18:37:28.239832878,PENDING,2129.15,EUR
O000103,C01156,2023-05-10 10:29:35.382180214,COMPLETED,947.94,USD
O000104,C00465,2024-09-21 18:02:58.963972807,COMPLETED,1832.12,USD
O000105,C00955,2023-10-14 17:10:16.678419828,COMPLETED,662.9,USD
O000106,C00930,2023-01-04 04:37:55.810554028,COMPLETED,2293.43,USD
O000107,C00799,2023-07-19 22:14:03.412457228,PENDING,1373.04,USD
O000108,C00395,2024-03-12 06:27:35.858830452,COMPLETED,1772.49,INR
O000109,C01144,2024-08-06 11:08:23.005027056,COMPLETED,489.68,USD
O000110,C00246,2023-04-08 08:58:06.857306004,COMPLETED,2152.08,USD
O000111,C00568,2023-03-22 16:41:04.936492443,PENDING,4916.62,EUR
O000112,C00038,2024-11-04 03:03:47.846114159,SHIPPED,1657.59,USD
O000113,C00245,2024-07-02 08:07:09.855305910,COMPLETED,4384.62,USD
O000114,C00021,2024-03-06 12:56:18.980274916,COMPLETED,4219.13,USD
O000115,C01134,2024-07-15 12:09:09.218623161,COMPLETED,4761.25,USD
O000116,C00394,2023-11-10 01:31:42.276332378,CANCELLED,3954.75,INR
O000117,C00987,2024-07-07 16:08:40.894281149,COMPLETED,3304.79,USD
O000118,C00008,2023-09-29 09:59:18.265667439,COMPLETED,4285.79,USD
O000119,C00328,2023-06-28 04:32:12.876253366,COMPLETED,396.71,USD
O000120,C00290,2024-06-16 04:18:54.507790089,SHIPPED,2324.9,USD
O000121,C00511,2023-11-03 08:39:30.810943127,COMPLETED,4946.5,EUR
O000122,C00912,2024-12-17 09:43:36.724061728,COMPLETED,3852.61,INR
O000123,C00361,2023-09-13 02:58:49.418536663,COMPLETED,4811.14,EUR
O000124,C00716,2024-11-03 20:39:51.867735386,SHIPPED,3902.58,USD
O000125,C00219,2024-11-12 01:30:13.863222837,SHIPPED,4376.91,USD
O000126,C00406,2023-06-26 13:15:49.077267647,PENDING,3538.52,USD
O000127,C00753,2024-08-05 16:50:06.365119219,COMPLETED,3807.3,USD
O000128,C00923,2023-11-13 03:27:55.188477993,COMPLETED,2625.43,USD
O000129,C00832,2024-10-31 19:01:59.595872402,CANCELLED,4622.7,USD
O000130,C00794,2023-11-25 14:10:38.123649836,COMPLETED,4128.69,INR
O000131,C00595,2024-06-27 08:12:04.059902430,SHIPPED,4222.55,USD
O000132,C00107,2023-12-07 21:16:08.430778980,SHIPPED,3371.59,USD
O000133,C00581,2023-06-16 07:04:09.264321327,COMPLETED,1536.81,USD
O000134,C00609,2023-05-26 12:36:51.332799196,COMPLETED,197.44,USD
O000135,C00008,2023-11-07 13:33:16.284136295,SHIPPED,4679.56,USD
O000136,C00806,2024-07-05 12:15:59.007200480,PENDING,2938.88,USD
O000137,C00189,2024-03-17 16:51:08.713321209,COMPLETED,1504.75,USD
O000138,C00081,2024-05-17 16:47:06.572607040,COMPLETED,762.69,USD
O000139,C00108,2023-07-26 02:21:27.593365192,COMPLETED,4151.03,EUR
O000140,C00686,2023-12-18 10:44:50.140238047,COMPLETED,4185.87,USD
O000141,C00346,2023-02-02 09:48:18.152145386,COMPLETED,4076.25,USD
O000142,C00328,2024-08-19 19:10:04.539310694,COMPLETED,3232.51,USD
O000143,C00555,2024-12-23 14:54:38.456793308,CANCELLED,1842.76,USD
O000144,C00302,2023-10-25 00:31:16.237863302,SHIPPED,1534.27,INR
O000145,C00200,2023-01-09 00:04:59.530312777,SHIPPED,62.6,USD
O000146,C00893,2023-05-04 22:46:01.361757278,COMPLETED,4171.37,USD
O000147,C01063,2024-04-21 08:16:15.233474493,COMPLETED,455.41,EUR
O000148,C00307,2024-03-22 19:37:46.757753849,CANCELLED,3161.16,USD
O000149,C01028,2024-07-29 03:23:23.593699455,COMPLETED,2530.29,USD
O000150,C01101,2023-07-05 08:02:52.339336395,COMPLETED,2642.91,USD
O000151,C00468,2024-07-11 10:49:52.177388906,COMPLETED,4635.03,USD
O000152,C00179,2024-05-17 05:28:48.205540895,PENDING,177.44,EUR
O000153,C00645,2023-08-24 15:42:35.999807596,PENDING,3871.49,USD
O000154,C00276,2024-02-03 04:57:08.474248648,COMPLETED,279.22,USD
O000155,C01176,2023-04-18 12:14:13.649606466,PENDING,210.0,USD
O000156,C01188,2023-11-27 08:55:48.360689163,COMPLETED,2160.49,USD
O000157,C00621,2024-10-05 06:34:38.600453377,COMPLETED,334.11,USD
O000158,C00638,2023-11-04 11:16:22.708347082,PENDING,3949.94,USD
O000159,C00930,2024-09-04 21:12:31.310817719,PENDING,2657.22,USD
O000160,C00183,2024-03-06 21:14:20.253659487,COMPLETED,164.61,USD
O000161,C00072,2023-05-21 01:40:48.048791885,COMPLETED,221.69,INR
O000162,C00719,2024-02-29 04:58:53.065585613,PENDING,3071.09,USD
O000163,C01197,2024-01-05 08:49:40.536594390,SHIPPED,4034.44,USD
O000164,C00726,2023-10-19 00:11:46.293506384,PENDING,2200.24,USD
O000165,C00269,2023-03-29 07:55:31.081157684,COMPLETED,2781.81,INR
O000166,C01044,2023-11-01 04:44:08.846172571,CANCELLED,4003.15,EUR
O000167,C00578,2023-02-23 02:47:48.594185829,CANCELLED,3060.32,EUR
O000168,C00995,2023-03-14 02:26:01.609822035,COMPLETED,1139.31,USD
O000169,C00815,2023-10-31 14:51:27.565132380,PENDING,3073.0,EUR
O000170,C00147,2023-08-11 22:17:00.830714941,COMPLETED,3148.83,USD
O000171,C01189,2024-11-06 15:32:11.720782280,COMPLETED,3675.85,USD
O000172,C00890,2023-10-02 06:21:56.556944370,SHIPPED,3111.95,USD
O000173,C00310,2024-07-07 05:40:27.475331545,COMPLETED,4846.83,EUR
O000174,C00518,2024-01-23 01:56:11.982971668,COMPLETED,1002.5,EUR
O000175,C00014,2024-05-28 23:34:51.292609453,PENDING,4756.43,EUR
O000176,C00132,2023-07-09 21:13:55.280747175,COMPLETED,2700.93,INR
O000177,C00755,2024-11-18 14:10:30.446859121,COMPLETED,3366.34,USD
O000178,C00439,2024-01-22 23:09:01.677386522,CANCELLED,515.32,USD
O000179,C00743,2024-08-29 20:47:51.824103355,COMPLETED,1915.27,USD
O000180,C00740,2023-09-24 11:36:01.978925467,COMPLETED,3851.51,EUR
O000181,C00795,2023-03-15 03:42:10.207314730,COMPLETED,3540.42,USD
O000182,C00263,2024-05-06 19:25:41.045049429,COMPLETED,219.89,EUR
O000183,C00643,2023-01-06 15:56:56.539937973,SHIPPED,2742.04,USD
O000184,C00258,2023-12-13 23:07:58.617939711,PENDING,459.63,USD
O000185,C00409,2023-05-21 17:53:21.604978800,COMPLETED,4979.37,USD
O000186,C00975,2024-04-02 23:37:07.815747261,PENDING,4488.54,USD
O000187,C01048,2024-12-15 23:26:10.238550663,COMPLETED,124.98,EUR
O000188,C00271,2023-12-06 00:20:20.107455730,COMPLETED,4296.07,USD
O000189,C01119,2024-08-19 18:34:10.035586834,SHIPPED,4598.76,USD
O000190,C00142,2024-01-06 16:22:44.239381075,SHIPPED,1780.67,USD
O000191,C00902,2023-12-28 23:07:02.441792965,COMPLETED,3603.12,USD
O000192,C00974,2024-11-10 05:01:10.561771870,COMPLETED,2221.68,USD
O000193,C01105,2024-10-11 16:12:07.273590803,COMPLETED,3283.06,USD
O000194,C00274,2024-07-27 15:13:26.940335989,COMPLETED,1714.78,EUR
O000195,C00276,2023-08-05 06:24:02.873196125,COMPLETED,1626.34,USD
O000196,C00465,2024-02-02 20:32:50.796540260,SHIPPED,2133.68,USD
O000197,C01063,2023-06-13 10:40:46.299056053,COMPLETED,744.93,USD
O000198,C00288,2023-11-21 01:25:13.979191303,SHIPPED,4159.07,USD
O000199,C01148,2023-12-20 11:24:46.483601570,COMPLETED,1756.52,USD
O000200,C00876,2024-08-30 02:20:00.613559961,COMPLETED,2012.74,USD
O000201,C00878,2024-10-16 02:25:01.057777882,COMPLETED,4472.39,USD
O000202,C00180,2023-10-30 16:08:36.575470686,COMPLETED,2493.19,USD
O000203,C01121,2023-01-13 22:10:54.759659290,PENDING,2730.38,USD
O000204,C01098,2024-09-21 02:16:39.623194218,COMPLETED,4783.36,EUR
O000205,C00447,2023-05-08 05:21:44.810437918,COMPLETED,4435.9,INR
O000206,C00785,2024-03-29 23:22:19.226494789,PENDING,863.94,USD
O000207,C00561,2023-01-19 05:29:24.632181406,SHIPPED,2376.61,USD
O000208,C00484,2023-10-19 15:21:12.407634258,COMPLETED,4857.06,USD
O000209,C00849,2024-12-20 18:01:28.175019264,COMPLETED,1874.38,USD
O000210,C00722,2023-03-15 12:09:06.808819056,SHIPPED,1870.43,EUR
O000211,C00116,2023-11-06 07:06:14.482921362,CANCELLED,991.25,EUR
O000212,C00535,2023-08-13 05:16:01.658380747,PENDING,589.33,USD
O000213,C01122,2024-10-22 17:08:38.118344545,COMPLETED,3706.72,USD
O000214,C00407,2024-09-26 14:50:19.285932779,CANCELLED,3854.75,USD
O000215,C00694,2023-06-23 12:28:56.210034370,COMPLETED,4845.68,USD
O000216,C01172,2023-03-01 06:24:36.104844809,COMPLETED,3871.62,EUR
O000217,C00495,2024-04-02 19:27:52.790222883,PENDING,1231.9,USD
O000218,C00948,2023-09-03 13:10:47.395929337,COMPLETED,219.78,USD
O000219,C00023,2024-05-05 14:55:06.684305668,COMPLETED,4927.48,USD
O000220,C01129,2023-01-24 10:44:17.254709244,COMPLETED,1715.44,USD
O000221,C00558,2023-04-08 09:09:16.561114550,COMPLETED,1573.62,USD
O000222,C00941,2024-05-16 01:14:29.465436220,SHIPPED,4531.66,USD
O000223,C00855,2023-06-05 00:44:01.971239090,SHIPPED,2933.8,USD
O000224,C01039,2024-09-18 00:56:09.885686159,COMPLETED,1090.06,EUR
O000225,C00891,2023-02-12 18:30:44.469653606,COMPLETED,4447.7,EUR
O000226,C00078,2023-06-07 07:14:39.618251801,CANCELLED,4966.94,USD
O000227,C00807,2024-12-29 22:46:31.992450237,PENDING,451.66,INR
O000228,C01042,2023-11-13 03:29:35.942354202,COMPLETED,4314.01,USD
O000229,C00768,2024-05-28 03:57:30.331087828,CANCELLED,1964.77,EUR
O000230,C00454,2023-05-14 08:15:23.817509651,SHIPPED,2629.88,EUR
O000231,C00928,2024-03-21 04:54:00.853007793,COMPLETED,4575.78,USD
O000232,C00277,2024-06-14 01:22:41.944195986,COMPLETED,4867.43,EUR
O000233,C01051,2023-08-18 13:37:50.377372503,COMPLETED,1325.58,USD
O000234,C00514,2024-08-28 02:16:38.646542549,SHIPPED,1080.0,USD
O000235,C00464,2024-03-16 11:52:33.509403944,COMPLETED,420.97,USD
O000236,C00807,2023-10-12 01:26:06.462439299,COMPLETED,2817.75,EUR
O000237,C00824,2024-02-12 01:53:41.032939672,COMPLETED,87.75,EUR
O000238,C00363,2024-02-26 00:51:00.169478655,CANCELLED,2071.25,USD
O000239,C00751,2023-05-01 20:10:41.980787516,COMPLETED,385.45,USD
O000240,C00525,2023-10-21 23:52:16.032249212,CANCELLED,2038.02,USD
O000241,C00056,2023-09-08 16:54:14.047565460,CANCELLED,218.86,INR
O000242,C00489,2023-10-20 15:48:56.518510580,COMPLETED,4179.38,USD
O000243,C01052,2024-07-09 14:39:27.036942244,COMPLETED,1064.5,EUR
O000244,C00722,2023-12-19 06:04:22.435738087,COMPLETED,1654.98,USD
O000245,C00041,2024-11-17 10:20:20.417106867,CANCELLED,4352.84,USD
O000246,C01004,2023-08-03 09:12:38.743343353,COMPLETED,3736.4,USD
O000247,C00260,2023-10-31 11:07:36.089586973,COMPLETED,1110.81,INR
O000248,C00441,2024-07-28 11:28:59.950534105,COMPLETED,378.06,USD
O000249,C00926,2024-02-03 14:21:03.149926424,COMPLETED,3584.06,INR
O000250,C00856,2024-02-04 07:55:59.251282691,CANCELLED,1965.7,USD
O000251,C00084,2023-02-08 22:31:10.761062860,SHIPPED,3835.08,USD
O000252,C00046,2023-10-18 23:27:57.926978350,PENDING,2237.57,EUR
O000253,C00440,2023-07-17 15:15:17.971303463,COMPLETED,1743.09,EUR
O000254,C00986,2024-12-30 12:21:04.867204189,COMPLETED,2267.0,INR
O000255,C00136,2023-08-14 02:22:51.014921188,CANCELLED,3747.82,USD
O000256,C01196,2024-10-07 16:22:45.442518473,COMPLETED,4513.06,USD
O000257,C00909,2024-05-08 15:36:54.136472940,CANCELLED,267.84,USD
O000258,C00861,2023-09-06 20:51:19.760563612,COMPLETED,2630.08,USD
O000259,C00788,2024-02-01 18:43:20.312812805,COMPLETED,183.52,INR
O000260,C00590,2024-09-05 14:11:19.020155430,SHIPPED,2352.68,USD
O000261,C00956,2024-10-06 20:36:45.293405771,CANCELLED,4428.71,USD
O000262,C00690,2023-04-28 02:06:02.484387636,CANCELLED,1820.72,USD
O000263,C00539,2023-09-05 21:19:17.162281752,COMPLETED,4663.6,USD
O000264,C01144,2023-09-02 17:06:36.422430277,COMPLETED,3160.43,USD
O000265,C00708,2023-01-31 16:37:29.378102064,COMPLETED,4672.09,USD
O000266,C00295,2024-03-12 17:07:31.989378929,SHIPPED,3790.69,USD
O000267,C00053,2024-09-16 00:26:50.382323265,SHIPPED,535.11,USD
O000268,C00806,2023-10-06 13:10:59.788931131,COMPLETED,1171.13,INR
O000269,C00052,2024-06-24 05:25:47.122041941,CANCELLED,1982.97,USD
O000270,C00728,2024-04-03 05:18:40.486625910,SHIPPED,867.13,USD
O000271,C00072,2023-10-02 05:21:57.045014620,PENDING,2484.66,INR
O000272,C00028,2023-04-13 23:22:03.673578262,COMPLETED,2367.41,EUR
O000273,C00469,2024-06-01 19:21:14.042285919,COMPLETED,4782.17,INR
O000274,C00764,2024-09-15 19:58:54.335461855,CANCELLED,2179.96,INR
O000275,C00886,2024-05-15 16:10:14.544746876,COMPLETED,3932.42,USD
O000276,C00912,2023-01-14 01:13:51.745043993,PENDING,4710.71,USD
O000277,C00547,2023-06-07 20:24:01.115028620,CANCELLED,4387.4,USD
O000278,C00201,2023-02-20 17:17:21.606574059,SHIPPED,1059.16,USD
O000279,C00820,2024-02-21 09:09:52.072471857,COMPLETED,2490.23,EUR
O000280,C00560,2024-07-06 05:29:20.159822464,COMPLETED,1751.74,USD
O000281,C00379,2023-03-22 17:20:50.486794472,COMPLETED,2011.3,EUR
O000282,C01076,2024-09-03 23:40:43.020466089,COMPLETED,1816.82,EUR
O000283,C00079,2024-02-10 12:31:02.285359859,COMPLETED,4135.27,USD
O000284,C00834,2024-05-18 16:15:25.533802986,COMPLETED,2271.65,EUR
O000285,C01032,2024-12-10 02:57:37.395444632,COMPLETED,2628.0,USD
O000286,C00025,2023-03-03 02:05:27.290758848,COMPLETED,4912.59,USD
O000287,C00450,2024-10-19 21:26:41.577255011,COMPLETED,318.7,EUR
O000288,C00768,2023-04-03 01:19:09.241317987,COMPLETED,2450.03,USD
O000289,C00755,2023-10-14 20:38:17.852188826,COMPLETED,3874.83,EUR
O000290,C00198,2024-09-13 13:12:21.454996109,SHIPPED,772.79,USD
O000291,C01118,2024-10-23 13:34:27.219530821,COMPLETED,3065.43,USD
O000292,C00437,2024-01-05 15:37:54.193839312,COMPLETED,1212.53,EUR
O000293,C00690,2024-03-09 16:42:47.745307684,SHIPPED,4339.67,USD
O000294,C00587,2024-05-31 22:44:28.687800169,PENDING,1648.96,USD
O000295,C00104,2024-08-30 21:55:54.736649513,COMPLETED,1658.73,USD
O000296,C00627,2023-03-30 16:52:32.485079765,SHIPPED,2999.01,EUR
O000297,C01063,2024-08-14 08:24:51.408633947,CANCELLED,934.14,USD
O000298,C00458,2023-12-18 07:57:29.365068674,PENDING,1438.75,EUR
O000299,C00364,2023-11-25 22:55:20.668422461,COMPLETED,2094.83,USD
O000300,C00135,2023-11-06 10:43:25.157954693,SHIPPED,1781.12,USD
O000301,C00374,2024-01-07 17:23:13.104638338,COMPLETED,2633.89,INR
O000302,C00039,2024-11-20 21:17:08.503704548,COMPLETED,3006.21,USD
O000303,C00819,2024-02-05 04:31:48.357546568,CANCELLED,2842.0,USD
O000304,C00047,2024-11-26 19:40:13.693332672,COMPLETED,3277.76,EUR
O000305,C00036,2023-05-12 14:40:59.118189573,CANCELLED,1552.59,EUR
O000306,C00095,2024-06-12 14:51:44.456931829,COMPLETED,649.6,USD
O000307,C00985,2024-08-15 22:26:12.179130793,CANCELLED,3808.82,USD
O000308,C01170,2024-05-10 18:20:13.649952412,COMPLETED,4256.89,EUR
O000309,C00368,2024-03-19 01:16:42.058448315,COMPLETED,1299.89,EUR
O000310,C00065,2024-02-17 07:31:11.728667736,COMPLETED,2047.32,EUR
O000311,C00754,2024-09-20 11:30:07.397203445,COMPLETED,2502.87,USD
O000312,C00816,2024-08-22 19:14:54.176359415,COMPLETED,2675.97,INR
O000313,C00756,2023-03-31 06:29:54.222302675,PENDING,3304.26,USD
O000314,C00181,2024-09-11 11:15:20.704251528,COMPLETED,227.18,USD
O000315,C00597,2023-10-30 06:28:55.965347528,SHIPPED,3612.96,USD
O000316,C01179,2023-07-05 04:46:06.461495876,COMPLETED,328.62,USD
O000317,C00787,2024-09-26 22:20:43.121774435,COMPLETED,2352.08,USD
O000318,C00627,2023-11-12 09:04:28.162499428,CANCELLED,4141.8,USD
O000319,C01123,2024-08-13 02:32:57.738832235,COMPLETED,2267.05,USD
O000320,C00616,2023-07-12 06:49:52.613279104,SHIPPED,762.47,USD
O000321,C00112,2023-01-03 20:50:30.160742044,SHIPPED,4925.47,USD
O000322,C00453,2023-12-28 16:26:42.214774609,COMPLETED,4448.64,USD
O000323,C00756,2023-03-15 03:59:56.602979898,CANCELLED,3861.14,USD
O000324,C01193,2024-07-04 16:40:00.266867161,SHIPPED,2069.33,USD
O000325,C00584,2023-07-21 12:50:10.982169867,COMPLETED,935.55,USD
O000326,C00139,2023-11-20 20:40:18.222574711,PENDING,4708.23,USD
O000327,C00231,2023-03-05 12:49:41.017454624,COMPLETED,2671.11,INR
O000328,C00984,2023-07-29 06:16:12.118065119,COMPLETED,4264.73,EUR
O000329,C00253,2024-07-24 11:42:32.622804642,CANCELLED,1723.63,EUR
O000330,C00561,2023-04-21 15:49:12.779503107,SHIPPED,1689.74,USD
O000331,C00072,2024-04-17 10:14:07.839399338,PENDING,4927.99,USD
O000332,C00222,2024-10-31 17:18:03.388085604,SHIPPED,2618.73,USD
O000333,C01101,2024-05-11 06:44:24.111438990,PENDING,720.66,EUR
O000334,C00062,2024-08-15 01:05:59.987039328,CANCELLED,1113.98,USD
O000335,C01181,2023-03-21 13:10:58.603456497,COMPLETED,2420.08,USD
O000336,C00806,2023-07-03 00:49:17.729601622,COMPLETED,231.51,USD
O000337,C00125,2024-10-15 00:19:14.488518476,COMPLETED,2323.42,USD
O000338,C00741,2024-06-06 00:39:01.262120008,SHIPPED,2106.33,INR
O000339,C00161,2024-04-11 20:58:58.937269688,COMPLETED,3901.09,EUR
O000340,C00541,2024-04-29 13:11:35.580667973,COMPLETED,1787.61,EUR
O000341,C00626,2023-10-30 08:47:37.361102581,COMPLETED,4913.09,USD
O000342,C00106,2023-02-02 12:37:55.869388580,CANCELLED,920.23,EUR
O000343,C01155,2024-07-26 15:24:56.941484928,SHIPPED,2963.11,USD
O000344,C00776,2024-05-10 11:03:21.234574795,COMPLETED,466.7,INR
O000345,C00002,2023-12-12 03:32:03.160517693,COMPLETED,3674.64,USD
O000346,C00233,2024-10-18 19:47:18.460506678,COMPLETED,4973.87,USD
O000347,C00369,2023-09-03 09:31:02.389940262,COMPLETED,4099.31,USD
O000348,C00946,2023-08-03 20:31:01.052152395,COMPLETED,2787.4,USD
O000349,C01132,2024-09-29 03:23:29.815410614,CANCELLED,2434.01,EUR
O000350,C00180,2024-08-04 19:13:25.360958815,CANCELLED,4178.45,INR
O000351,C00293,2024-01-11 22:26:46.617212296,COMPLETED,4681.15,USD
O000352,C00584,2023-04-06 10:28:21.487085581,COMPLETED,4946.25,USD
O000353,C00795,2023-06-07 00:03:07.848243713,COMPLETED,1994.77,USD
O000354,C00175,2024-04-24 01:06:51.811064243,COMPLETED,4954.77,EUR
O000355,C00123,2023-10-09 01:55:20.953070402,COMPLETED,796.51,USD
O000356,C00227,2024-09-02 15:00:37.144756079,COMPLETED,1282.68,USD
O000357,C00444,2024-11-24 11:12:42.348600864,COMPLETED,463.3,USD
O000358,C00428,2024-08-11 02:45:32.150939703,SHIPPED,1373.26,USD
O000359,C01107,2023-10-03 14:35:44.919175863,SHIPPED,3844.33,EUR
O000360,C00765,2024-07-29 17:47:10.464484453,SHIPPED,4267.56,USD
O000361,C00632,2023-09-14 13:15:29.229142904,COMPLETED,3898.89,USD
O000362,C00065,2023-05-02 23:35:36.735553980,CANCELLED,3162.71,EUR
O000363,C00428,2023-01-25 09:02:56.217299461,CANCELLED,2579.55,USD
O000364,C00618,2023-10-09 13:45:24.507262945,COMPLETED,3549.35,USD
O000365,C00925,2024-10-21 14:21:32.402795076,COMPLETED,1966.35,USD
O000366,C00812,2023-06-24 11:02:42.062926053,COMPLETED,4209.72,USD
O000367,C00107,2023-05-31 18:06:38.338451385,COMPLETED,3392.41,USD
O000368,C00659,2024-12-08 23:15:36.566722870,COMPLETED,3495.07,INR
O000369,C01183,2023-01-19 06:04:19.405712605,COMPLETED,2688.96,EUR
O000370,C00265,2024-07-27 14:54:11.789634943,COMPLETED,4428.44,EUR
O000371,C00155,2023-08-23 14:24:05.848488092,COMPLETED,1275.03,INR
O000372,C01037,2023-01-28 08:47:20.415683270,COMPLETED,1918.12,USD
O000373,C00896,2024-10-31 23:54:01.816098928,CANCELLED,3892.66,USD
O000374,C00993,2023-04-12 22:32:01.050978899,COMPLETED,2473.89,USD
O000375,C00245,2024-02-07 19:10:22.983147144,SHIPPED,4448.29,EUR
O000376,C00386,2023-07-20 01:25:46.970996380,COMPLETED,1745.07,USD
O000377,C00759,2023-02-17 14:10:40.419392824,COMPLETED,1859.26,USD
O000378,C00414,2023-02-06 10:38:31.015760660,COMPLETED,4445.9,USD
O000379,C00715,2023-03-26 08:33:12.109005451,COMPLETED,2332.56,USD
O000380,C00759,2023-02-22 02:21:00.300030947,COMPLETED,2590.3,USD
O000381,C00747,2024-07-09 04:58:41.462072611,COMPLETED,1677.16,EUR
O000382,C00593,2023-12-21 11:07:11.510420561,COMPLETED,1397.82,USD
O000383,C00839,2023-09-08 07:28:09.985562801,SHIPPED,3286.62,INR
O000384,C00016,2023-11-02 09:49:23.899846077,COMPLETED,616.81,USD
O000385,C00993,2024-11-09 03:08:48.506036520,SHIPPED,4398.78,EUR
O000386,C01069,2024-10-26 20:22:18.333020449,COMPLETED,3900.43,INR
O000387,C00651,2024-06-06 10:39:06.954291105,SHIPPED,969.93,INR
O000388,C00148,2024-10-07 19:38:06.908740759,COMPLETED,3476.22,USD
O000389,C00355,2023-08-22 08:14:00.396006584,SHIPPED,3021.11,USD
O000390,C00703,2023-10-06 05:02:07.409994364,CANCELLED,938.98,USD
O000391,C00613,2024-03-24 00:14:14.733909845,CANCELLED,1380.55,USD
O000392,C00105,2024-03-31 05:55:35.747933149,COMPLETED,2056.75,USD
O000393,C00396,2023-12-18 15:22:52.183114290,PENDING,3502.23,INR
O000394,C00606,2023-10-20 11:31:31.816678524,COMPLETED,3200.84,USD
O000395,C00851,2024-12-20 21:52:44.613783598,CANCELLED,2670.53,USD
O000396,C00442,2024-08-22 10:05:09.346497059,COMPLETED,3846.68,USD
O000397,C00873,2023-11-14 12:51:11.041194677,COMPLETED,3794.53,EUR
O000398,C00667,2024-06-14 22:09:51.124454021,COMPLETED,3096.94,INR
O000399,C01052,2023-07-16 18:43:15.116819143,COMPLETED,3939.21,USD
O000400,C00794,2023-03-15 02:57:59.744440794,SHIPPED,1684.63,USD
O000401,C00475,2023-09-15 06:35:29.643662453,CANCELLED,4408.62,EUR
O000402,C00628,2023-10-22 04:05:00.449382782,SHIPPED,3082.25,USD
O000403,C00502,2023-01-13 01:43:49.520290613,SHIPPED,4115.37,USD
O000404,C00348,2024-08-17 19:09:21.127179146,SHIPPED,2740.47,EUR
O000405,C01018,2023-09-20 05:04:06.275490522,COMPLETED,1107.82,INR
O000406,C00570,2024-02-28 16:55:34.552085400,COMPLETED,2721.2,USD
O000407,C00695,2023-02-23 23:50:06.147553682,COMPLETED,1868.14,USD
O000408,C00026,2023-05-08 17:56:39.982956886,COMPLETED,3493.55,USD
O000409,C01101,2024-10-11 11:26:02.643859863,COMPLETED,2389.45,USD
O000410,C00217,2024-03-20 08:12:19.758624077,COMPLETED,4183.84,USD
O000411,C00837,2024-11-24 16:58:35.612352848,COMPLETED,3396.8,USD
O000412,C00774,2024-12-30 02:06:02.169129133,COMPLETED,3429.03,USD
O000413,C01047,2023-09-29 10:59:21.194288969,CANCELLED,1101.43,USD
O000414,C00670,2023-08-07 03:01:46.857860327,COMPLETED,4921.56,USD
O000415,C00718,2024-09-18 14:23:53.110994577,COMPLETED,4211.54,USD
O000416,C00310,2024-12-29 23:40:19.926106215,COMPLETED,3949.24,USD
O000417,C00599,2024-04-04 15:18:51.925509453,COMPLETED,1664.47,USD
O000418,C00267,2024-08-03 10:51:55.650246620,COMPLETED,2687.45,USD
O000419,C00646,2024-07-24 16:11:14.807197094,COMPLETED,702.77,USD
O000420,C01023,2023-09-17 09:33:06.076823235,COMPLETED,2701.61,EUR
O000421,C00450,2024-02-24 05:13:01.423574924,COMPLETED,746.53,USD
O000422,C00565,2024-08-31 03:09:27.399416447,COMPLETED,2774.13,INR
O000423,C01060,2024-05-17 07:45:18.403537273,COMPLETED,3250.63,USD
O000424,C00028,2023-01-16 10:47:24.075475216,SHIPPED,1963.18,USD
O000425,C00220,2023-09-03 19:04:59.948705196,COMPLETED,2502.75,USD
O000426,C00406,2023-04-16 11:12:51.135614872,COMPLETED,4380.75,USD
O000427,C00271,2023-06-20 01:40:23.360186100,COMPLETED,560.64,EUR
O000428,C00792,2024-10-23 00:10:32.324332952,PENDING,3962.83,INR
O000429,C00963,2023-01-27 22:22:13.518179893,COMPLETED,870.36,INR
O000430,C00834,2023-06-10 10:54:30.504862547,SHIPPED,202.81,USD
O000431,C00317,2023-08-14 23:39:18.184369802,SHIPPED,944.16,USD
O000432,C00338,2024-03-26 07:48:32.187064409,COMPLETED,3829.92,USD
O000433,C00351,2024-01-25 21:27:41.797095776,COMPLETED,2037.53,USD
O000434,C00511,2023-06-09 08:04:52.822528839,COMPLETED,4365.15,USD
O000435,C00525,2023-04-30 21:30:12.591898680,COMPLETED,2633.04,EUR
O000436,C00492,2023-06-22 20:42:05.638046503,COMPLETED,130.81,INR
O000437,C00009,2024-01-02 20:19:08.615326881,COMPLETED,3589.23,USD
O000438,C00561,2023-07-17 23:02:05.300377131,COMPLETED,568.96,USD
O000439,C00440,2024-11-22 17:59:44.981402159,COMPLETED,3951.11,USD
O000440,C00792,2023-12-05 14:55:07.245960236,PENDING,857.15,USD
O000441,C01132,2023-02-12 22:06:22.355503321,COMPLETED,1740.32,USD
O000442,C00033,2024-06-16 08:44:50.748928070,CANCELLED,3811.13,INR
O000443,C01047,2023-08-29 01:22:10.017917395,CANCELLED,4772.07,USD
O000444,C00845,2024-04-22 01:07:33.922777891,CANCELLED,1869.74,USD
O000445,C00566,2023-07-24 02:29:36.137641191,PENDING,4150.41,USD
O000446,C00049,2024-02-21 15:25:49.278604031,COMPLETED,970.15,USD
O000447,C00462,2024-07-17 16:06:42.783216476,COMPLETED,4039.76,INR
O000448,C00590,2024-11-08 10:42:47.361204624,COMPLETED,3294.32,USD
O000449,C00336,2023-07-10 14:56:51.253683090,COMPLETED,979.86,INR
O000450,C01146,2023-09-02 10:41:37.613407850,PENDING,1526.47,USD
O000451,C00359,2023-12-05 21:56:51.660274744,CANCELLED,676.22,EUR
O000452,C00346,2024-11-07 20:06:11.365684271,COMPLETED,1927.18,USD
O000453,C00193,2024-10-20 00:17:51.832761765,COMPLETED,1034.17,USD
O000454,C00756,2023-03-07 14:40:02.882507324,COMPLETED,3227.11,EUR
O000455,C01170,2023-04-07 07:24:37.969944477,COMPLETED,4972.64,EUR
O000456,C00478,2023-12-28 17:19:14.832597971,COMPLETED,79.81,EUR
O000457,C00828,2023-03-19 19:58:10.774383783,COMPLETED,2713.78,USD
O000458,C00890,2023-09-10 06:34:36.843848944,PENDING,2876.86,INR
O000459,C00653,2023-04-19 07:42:42.574932814,COMPLETED,4572.76,INR
O000460,C00408,2024-04-09 07:25:37.278878212,CANCELLED,2539.91,USD
O000461,C00286,2024-11-24 03:09:35.870652437,SHIPPED,2727.63,INR
O000462,C00851,2024-12-28 14:46:32.360007286,PENDING,2368.83,USD
O000463,C00111,2023-10-01 22:13:28.708845377,COMPLETED,1359.14,USD
O000464,C00620,2024-03-13 06:42:05.048092842,PENDING,299.03,USD
O000465,C00793,2024-09-17 01:48:33.443070889,SHIPPED,2055.12,INR
O000466,C00050,2023-03-27 17:56:07.855413437,COMPLETED,281.91,USD
O000467,C01038,2024-05-18 09:10:06.533869504,COMPLETED,2761.45,USD
O000468,C01158,2023-10-26 10:56:27.432323456,CANCELLED,1550.32,USD
O000469,C00588,2023-05-31 11:40:50.621190548,COMPLETED,2677.34,USD
O000470,C00596,2023-10-22 00:14:36.241638660,COMPLETED,688.8,USD
O000471,C00670,2023-02-25 10:49:27.219451189,COMPLETED,4664.5,USD
O000472,C00314,2024-05-22 15:31:59.675824642,SHIPPED,4474.72,EUR
O000473,C00606,2023-07-04 12:03:05.603302479,PENDING,966.18,INR
O000474,C00297,2023-08-16 07:49:36.844270468,COMPLETED,1730.35,EUR
O000475,C00569,2023-03-30 09:20:39.642685652,COMPLETED,3075.19,EUR
O000476,C01188,2024-09-23 04:49:39.631263256,CANCELLED,496.52,USD
O000477,C00832,2023-12-27 05:08:37.582920790,SHIPPED,1785.75,USD
O000478,C00610,2024-02-22 16:00:47.875743866,PENDING,1270.54,USD
O000479,C00016,2024-02-20 16:27:38.188158751,COMPLETED,4579.27,USD
O000480,C01102,2023-10-27 15:50:21.720351458,COMPLETED,4265.5,INR
O000481,C00072,2023-05-21 13:07:26.826514244,COMPLETED,2907.57,USD
O000482,C00270,2024-06-27 22:43:32.713291168,SHIPPED,2611.32,INR
O000483,C00287,2023-04-03 18:01:32.768639326,COMPLETED,4655.01,USD
O000484,C00066,2023-03-17 19:52:07.700465202,COMPLETED,4663.49,EUR
O000485,C00880,2024-06-02 09:44:27.811286688,COMPLETED,4847.26,USD
O000486,C00068,2023-06-02 10:49:28.553947449,COMPLETED,644.39,USD
O000487,C01079,2023-08-12 22:39:30.973325729,PENDING,819.58,EUR
O000488,C00980,2023-12-13 21:59:06.798733711,COMPLETED,3390.15,USD
O000489,C00974,2023-11-25 00:38:06.248765945,SHIPPED,2716.34,EUR
O000490,C01192,2024-06-01 06:18:22.576099634,CANCELLED,111.96,USD
O000491,C00508,2024-03-31 02:31:30.076059580,COMPLETED,328.64,USD
O000492,C00837,2024-04-15 09:49:14.747441769,SHIPPED,4442.64,INR
O000493,C01126,2024-06-05 06:13:54.743101120,CANCELLED,4346.98,USD
O000494,C00886,2023-08-02 14:34:29.944052696,CANCELLED,1799.21,EUR
O000495,C00794,2023-08-24 07:16:46.641879559,COMPLETED,4457.43,USD
O000496,C00422,2023-11-16 17:43:13.955268383,COMPLETED,2976.5,USD
O000497,C00775,2023-08-13 10:44:14.177570581,COMPLETED,4033.41,USD
O000498,C00478,2024-12-20 00:06:41.271730185,SHIPPED,2148.61,USD
O000499,C00926,2024-08-17 06:11:23.103252411,SHIPPED,584.72,USD
O000500,C00120,2023-05-01 04:45:00.497684240,SHIPPED,2179.96,USD
O000501,C00488,2023-01-05 02:00:34.599781275,COMPLETED,2297.35,USD
O000502,C01185,2023-02-01 05:33:46.294891596,COMPLETED,2763.7,USD
O000503,C00078,2023-06-28 03:59:29.984179497,COMPLETED,545.8,USD
O000504,C01062,2023-03-25 10:22:59.980302334,COMPLETED,4957.18,USD
O000505,C00441,2024-01-25 08:05:01.582504272,SHIPPED,1235.8,USD
O000506,C00462,2024-09-18 08:04:34.687860012,COMPLETED,1008.79,USD
O000507,C00612,2024-06-21 19:51:49.933439016,COMPLETED,2643.48,USD
O000508,C00917,2023-06-07 09:28:14.826719999,COMPLETED,2695.3,USD
O000509,C01116,2023-10-19 11:43:22.676058292,COMPLETED,2210.31,USD
O000510,C00609,2024-01-06 18:18:23.583556652,COMPLETED,3864.02,INR
O000511,C00006,2024-08-14 10:48:23.339874268,COMPLETED,2592.94,EUR
O000512,C00681,2024-09-04 13:24:37.751111984,COMPLETED,3056.28,USD
O000513,C00895,2024-10-26 02:15:53.368647337,COMPLETED,3624.26,USD
O000514,C00271,2024-01-07 17:58:36.439717293,COMPLETED,144.63,EUR
O000515,C00811,2024-05-21 19:41:36.807202816,SHIPPED,2861.81,USD
O000516,C00559,2023-03-23 14:44:33.014467001,COMPLETED,4423.29,EUR
O000517,C00099,2024-02-17 15:51:45.282217503,SHIPPED,106.6,INR
O000518,C00526,2023-07-01 13:04:49.806963444,SHIPPED,2037.81,USD
O000519,C00194,2023-11-12 03:40:47.372398376,COMPLETED,4632.61,USD
O000520,C01181,2024-04-07 20:33:53.659921408,CANCELLED,1778.71,EUR
O000521,C01139,2023-07-07 14:23:37.072313786,COMPLETED,2304.47,INR
O000522,C00396,2023-02-08 02:16:55.965357304,SHIPPED,4908.08,USD
O000523,C00770,2023-01-08 11:17:49.791413069,CANCELLED,1012.63,USD
O000524,C01024,2023-01-17 04:14:06.225864172,PENDING,344.97,USD
O000525,C00880,2023-01-07 02:17:14.644468546,COMPLETED,4299.92,USD
O000526,C00745,2023-03-22 13:25:14.127218246,COMPLETED,4344.96,EUR
O000527,C00683,2023-06-24 19:50:32.205367327,COMPLETED,2370.95,INR
O000528,C00015,2023-06-11 11:48:03.342505932,SHIPPED,2580.75,USD
O000529,C00368,2024-12-21 08:40:34.788114548,SHIPPED,4182.32,EUR
O000530,C00638,2023-08-12 09:13:37.067738533,COMPLETED,3698.03,USD
O000531,C00853,2023-04-04 00:24:43.648044109,COMPLETED,1340.44,USD
O000532,C00700,2024-02-03 06:15:20.785748720,SHIPPED,104.13,USD
O000533,C00005,2024-09-18 07:24:52.626831532,COMPLETED,2408.91,USD
O000534,C00231,2024-05-09 23:37:04.084752321,PENDING,4297.38,USD
O000535,C01173,2023-08-05 03:21:29.525951147,SHIPPED,4481.26,USD
O000536,C01012,2024-02-14 23:30:54.430366755,COMPLETED,4782.01,EUR
O000537,C00586,2024-06-05 20:16:36.004768133,SHIPPED,4400.22,EUR
O000538,C00169,2024-06-15 12:23:26.542618275,COMPLETED,2908.62,USD
O000539,C00761,2024-05-01 13:45:13.452535868,COMPLETED,2234.14,USD
O000540,C00792,2024-09-27 16:35:55.111447811,CANCELLED,3878.75,USD
O000541,C01000,2024-09-27 04:14:51.468679428,PENDING,3704.31,INR
O000542,C00152,2024-02-27 14:58:06.674918413,COMPLETED,2699.95,USD
O000543,C01016,2023-11-10 19:05:00.912582397,COMPLETED,454.89,USD
O000544,C00224,2024-04-13 08:18:41.681881905,COMPLETED,4631.89,USD
O000545,C00504,2024-08-20 07:04:27.350437880,COMPLETED,2288.9,USD
O000546,C00044,2023-01-05 03:01:29.556543112,COMPLETED,1829.4,USD
O000547,C00697,2024-12-25 03:47:15.352584600,COMPLETED,3155.25,EUR
O000548,C00504,2023-05-14 12:17:56.008347273,COMPLETED,3375.71,EUR
O000549,C00930,2023-12-10 06:45:44.023545980,COMPLETED,1069.23,USD
O000550,C00843,2024-09-28 13:57:39.436009407,COMPLETED,4187.96,USD
O000551,C00351,2023-06-14 06:42:28.048515797,CANCELLED,1463.89,USD
O000552,C00023,2023-12-15 01:27:08.361845016,SHIPPED,949.69,INR
O000553,C00598,2023-04-07 18:50:23.268387318,COMPLETED,2043.87,USD
O000554,C01067,2023-10-16 09:44:13.994884014,COMPLETED,3658.19,USD
O000555,C00466,2023-05-10 07:24:47.404704332,COMPLETED,4827.98,USD
O000556,C00040,2023-09-23 10:45:29.370494366,COMPLETED,4050.22,USD
O000557,C00303,2023-09-30 15:05:35.081550598,COMPLETED,4702.93,USD
O000558,C00175,2024-12-26 00:21:08.041546106,PENDING,720.22,USD
O000559,C00999,2024-12-27 05:07:27.384247541,SHIPPED,374.46,USD
O000560,C00621,2023-03-25 19:03:20.167682171,SHIPPED,2797.37,USD
O000561,C00244,2024-06-13 22:58:22.849797487,COMPLETED,1465.68,USD
O000562,C00836,2023-02-07 18:34:50.893689632,CANCELLED,4143.71,USD
O000563,C00280,2023-01-23 00:57:50.791347265,CANCELLED,3366.5,USD
O000564,C01060,2023-03-18 21:26:59.377818346,COMPLETED,4854.23,USD
O000565,C00557,2024-12-05 19:18:31.358804464,COMPLETED,1288.87,USD
O000566,C00898,2024-11-17 19:55:45.692814350,COMPLETED,2439.2,INR
O000567,C01178,2023-05-22 13:36:55.480743170,COMPLETED,2516.18,USD
O000568,C01047,2023-04-29 00:29:57.548043728,SHIPPED,1211.1,USD
O000569,C00719,2023-06-25 14:10:28.976733923,COMPLETED,2958.67,USD
O000570,C00932,2024-01-12 08:23:00.010307312,COMPLETED,2227.56,USD
O000571,C00091,2024-02-20 21:13:30.551737309,COMPLETED,2244.67,USD
O000572,C00390,2023-06-11 18:19:00.844676733,COMPLETED,1826.43,EUR
O000573,C00550,2024-07-06 08:01:52.490409136,PENDING,104.31,USD
O000574,C00931,2023-08-14 23:22:17.500564098,COMPLETED,2620.03,USD
O000575,C01062,2024-11-04 03:44:26.963790894,SHIPPED,1689.53,EUR
O000576,C00733,2024-04-24 09:46:54.541638851,COMPLETED,26.57,INR
O000577,C00500,2023-11-15 12:52:22.527117491,COMPLETED,1553.56,INR
O000578,C01067,2024-07-30 15:15:29.771401882,COMPLETED,1407.57,EUR
O000579,C00871,2024-08-20 01:51:51.294015169,SHIPPED,1979.37,INR
O000580,C00517,2023-08-01 01:14:15.828967333,COMPLETED,676.62,USD
O000581,C00068,2023-09-05 23:47:55.708829403,COMPLETED,2548.27,USD
O000582,C00123,2024-11-14 05:56:03.455970526,COMPLETED,3468.35,USD
O000583,C00336,2023-05-01 06:15:46.771648169,COMPLETED,3158.32,EUR
O000584,C01177,2023-01-31 18:28:31.098686218,CANCELLED,4022.7,INR
O000585,C00974,2023-11-28 11:02:57.307629585,COMPLETED,2271.0,USD
O000586,C00779,2024-08-07 21:11:50.828166246,COMPLETED,2605.08,USD
O000587,C01186,2024-07-17 07:37:30.801231384,COMPLETED,4055.8,EUR
O000588,C00423,2024-11-02 06:10:35.826790094,PENDING,2149.95,INR
O000589,C00939,2024-01-25 05:40:32.303084135,COMPLETED,3513.96,USD
O000590,C00804,2023-03-15 01:07:58.965044498,SHIPPED,2184.32,INR
O000591,C00634,2024-03-05 17:49:50.989321232,PENDING,2100.33,USD
O000592,C01083,2024-07-22 05:29:28.188485861,COMPLETED,3805.82,USD
O000593,C00096,2023-03-10 03:06:31.201658487,COMPLETED,890.69,USD
O000594,C00354,2023-05-07 00:57:27.602027178,COMPLETED,1706.16,USD
O000595,C01160,2023-01-09 23:19:56.580410480,PENDING,1136.38,USD
O000596,C00967,2024-03-09 08:47:35.490869284,COMPLETED,1808.37,EUR
O000597,C00923,2024-10-09 07:35:11.568812132,COMPLETED,1167.27,EUR
O000598,C00473,2024-05-04 14:01:16.666884422,SHIPPED,2905.44,EUR
O000599,C00430,2024-12-17 21:20:32.404538393,COMPLETED,3994.89,USD
O000600,C00975,2023-02-16 00:20:58.530464888,COMPLETED,3937.33,USD
O000601,C00537,2024-10-21 04:34:44.442675114,COMPLETED,1835.21,USD
O000602,C01170,2024-08-17 06:28:35.022052765,COMPLETED,4944.03,USD
O000603,C00087,2023-08-18 09:30:41.180944681,COMPLETED,2977.39,USD
O000604,C00109,2024-12-11 16:11:06.677479267,COMPLETED,2009.01,USD
O000605,C00994,2023-07-30 04:40:09.652667522,CANCELLED,4180.99,USD
O000606,C00822,2024-10-11 04:37:07.541293383,COMPLETED,3654.77,EUR
O000607,C00937,2024-10-04 22:42:54.253223181,PENDING,3751.39,USD
O000608,C01005,2024-07-07 02:09:41.194382668,SHIPPED,996.77,INR
O000609,C00649,2024-02-16 08:00:09.724324226,COMPLETED,2352.26,USD
O000610,C00191,2023-03-29 14:26:53.423836470,SHIPPED,4311.9,INR
O000611,C00933,2024-01-24 08:08:41.238163233,COMPLETED,2530.11,USD
O000612,C00142,2023-09-18 11:04:13.436667919,CANCELLED,3423.59,USD
O000613,C01097,2024-08-01 07:38:32.715174437,PENDING,2947.91,USD
O000614,C00840,2024-07-07 10:25:25.312169075,COMPLETED,4214.94,EUR
O000615,C01191,2024-10-26 17:55:52.065005064,COMPLETED,1437.11,USD
O000616,C00168,2023-01-11 19:49:28.004892588,COMPLETED,2885.87,USD
O000617,C00566,2024-08-13 15:29:18.091463089,COMPLETED,633.71,EUR
O000618,C01135,2024-11-16 01:51:18.614679098,COMPLETED,3457.25,USD
O000619,C00744,2024-07-30 04:32:37.926149130,COMPLETED,3665.2,USD
O000620,C00673,2023-04-06 01:00:24.972943783,SHIPPED,233.33,USD
O000621,C00864,2023-03-01 08:00:35.700524569,COMPLETED,3385.44,USD
O000622,C00839,2023-01-16 05:12:30.965151310,PENDING,2085.16,USD
O000623,C00531,2024-04-03 23:36:58.883428097,PENDING,638.0,USD
O000624,C00974,2024-04-04 15:51:53.498106718,COMPLETED,2111.14,USD
O000625,C00562,2024-12-21 10:43:41.783171177,PENDING,987.28,USD
O000626,C00175,2023-10-18 13:42:59.077093601,COMPLETED,2089.49,EUR
O000627,C00302,2023-08-31 06:59:53.201054811,COMPLETED,1934.01,USD
O000628,C00185,2024-03-31 19:55:29.007374048,SHIPPED,3697.19,USD
O000629,C00510,2024-08-25 16:39:50.192399025,COMPLETED,3875.59,USD
O000630,C00819,2024-11-14 20:16:46.544314861,COMPLETED,3043.0,USD
O000631,C01105,2024-08-09 06:44:07.409244299,PENDING,132.98,USD
O000632,C00156,2023-11-08 11:19:41.305400133,CANCELLED,4656.49,USD
O000633,C00787,2024-04-08 11:41:50.649602413,SHIPPED,3437.44,USD
O000634,C00795,2024-09-17 02:21:51.134639025,SHIPPED,190.29,INR
O000635,C00432,2023-12-25 03:28:54.261198044,COMPLETED,4097.79,USD
O000636,C00761,2023-06-08 04:20:59.991786480,COMPLETED,1017.33,USD
O000637,C00147,2023-05-04 21:33:16.791777849,SHIPPED,2904.52,USD
O000638,C00481,2023-01-01 02:45:49.266027212,COMPLETED,2343.84,USD
O000639,C00435,2024-06-08 07:31:46.819459677,COMPLETED,2110.8,EUR
O000640,C00069,2023-03-23 02:25:23.156334400,COMPLETED,4450.77,USD
O000641,C00875,2023-06-28 00:03:39.696022272,SHIPPED,2198.06,USD
O000642,C00186,2023-08-06 10:47:35.981805563,COMPLETED,395.21,USD
O000643,C00904,2024-02-14 01:51:18.538546324,SHIPPED,4734.26,USD
O000644,C00682,2023-10-18 12:12:41.393598795,COMPLETED,4604.27,USD
O000645,C00204,2024-05-07 12:17:18.024884939,COMPLETED,3428.47,USD
O000646,C00554,2023-02-10 14:47:21.521179913,COMPLETED,2350.1,USD
O000647,C00013,2023-04-01 11:24:52.860646725,COMPLETED,482.44,USD
O000648,C00666,2023-12-31 10:11:07.950850248,PENDING,3957.93,USD
O000649,C00051,2023-09-03 23:37:23.099075317,COMPLETED,395.88,USD
O000650,C00500,2023-08-04 22:39:00.415453672,COMPLETED,361.63,USD
O000651,C00369,2023-02-18 22:19:55.001054525,COMPLETED,2696.17,USD
O000652,C00724,2024-10-15 20:59:59.789705992,COMPLETED,817.44,INR
O000653,C00357,2024-05-20 00:39:41.864079237,COMPLETED,58.5,USD
O000654,C01027,2023-03-30 18:45:00.386929035,COMPLETED,2127.1,INR
O000655,C00847,2023-02-17 11:36:18.646396875,CANCELLED,703.34,USD
O000656,C00256,2024-12-12 15:46:00.428575277,SHIPPED,819.37,EUR
O000657,C01174,2024-05-12 06:08:35.101320505,COMPLETED,403.01,USD
O000658,C00279,2023-11-01 17:49:49.316024542,COMPLETED,1041.37,USD
O000659,C01083,2024-05-27 06:19:40.202548981,COMPLETED,3583.11,EUR
O000660,C00446,2024-07-06 02:55:58.436876535,COMPLETED,4048.46,EUR
O000661,C00113,2024-07-23 08:56:16.029065132,SHIPPED,2273.62,USD
O000662,C00836,2023-12-15 20:24:37.422149658,PENDING,2542.64,USD
O000663,C00755,2023-11-10 19:32:45.320450306,COMPLETED,182.62,USD
O000664,C00367,2023-01-09 01:12:43.331008196,PENDING,365.19,INR
O000665,C01084,2024-11-07 09:16:50.366225958,COMPLETED,1302.69,USD
O000666,C00329,2024-03-16 09:57:14.505747317,COMPLETED,2728.61,USD
O000667,C00728,2023-05-29 07:15:25.126445770,COMPLETED,3702.96,EUR
O000668,C01006,2024-11-02 07:27:06.869748831,COMPLETED,3032.92,EUR
O000669,C00720,2024-10-29 21:36:24.908456087,CANCELLED,1972.8,USD
O000670,C01087,2024-12-23 02:30:23.614898443,COMPLETED,609.25,USD
O000671,C00184,2024-09-30 01:28:15.550301552,COMPLETED,3908.25,INR
O000672,C01023,2024-12-29 09:10:56.908587217,CANCELLED,1831.65,USD
O000673,C00311,2023-06-28 14:54:07.257311106,PENDING,3685.55,EUR
O000674,C00177,2024-09-06 20:12:45.837686062,SHIPPED,2574.63,USD
O000675,C01097,2024-08-23 19:27:21.492366552,CANCELLED,3698.54,USD
O000676,C00847,2023-06-18 14:04:30.336770058,COMPLETED,4538.3,USD
O000677,C01191,2023-03-13 20:37:33.090590477,PENDING,4606.73,USD
O000678,C00009,2024-12-15 23:26:50.638673544,SHIPPED,2684.83,EUR
O000679,C00236,2023-08-05 02:21:00.513507842,PENDING,2567.31,USD
O000680,C00710,2024-09-27 18:01:27.008385419,SHIPPED,1343.08,USD
O000681,C00924,2023-01-04 00:18:27.899636507,COMPLETED,4680.28,USD
O000682,C00685,2023-01-16 08:21:16.640954733,SHIPPED,2300.44,USD
O000683,C00794,2023-12-07 02:03:55.182097435,COMPLETED,655.4,USD
O000684,C01052,2023-06-24 06:16:52.545152426,COMPLETED,2174.87,USD
O000685,C00808,2024-05-18 14:01:09.428873062,COMPLETED,652.73,USD
O000686,C00027,2024-02-17 20:41:13.142221928,CANCELLED,2522.61,EUR
O000687,C00550,2023-02-26 13:33:04.216797352,COMPLETED,2815.15,EUR
O000688,C00085,2023-04-29 17:14:51.905224800,COMPLETED,1702.02,USD
O000689,C01054,2023-10-11 06:37:23.561124325,COMPLETED,376.82,USD
O000690,C00466,2023-05-16 11:46:59.521797180,CANCELLED,4718.65,USD
O000691,C01123,2024-08-01 07:44:07.885369062,COMPLETED,3871.3,USD
O000692,C00012,2023-10-31 17:33:01.896816492,SHIPPED,4197.63,EUR
O000693,C01013,2023-03-10 04:55:34.705490112,PENDING,1847.0,USD
O000694,C01054,2023-12-20 13:41:15.532107353,COMPLETED,3808.94,USD
O000695,C01062,2023-03-08 07:29:05.755905628,COMPLETED,2437.16,USD
O000696,C00572,2023-04-05 02:58:53.727438688,SHIPPED,1021.4,USD
O000697,C00914,2023-06-24 21:57:51.325682878,CANCELLED,639.63,USD
O000698,C00180,2024-09-19 10:55:31.425369740,SHIPPED,1738.35,USD
O000699,C00797,2024-11-05 23:12:41.639305115,COMPLETED,705.01,USD
O000700,C01136,2024-08-26 04:02:07.504432200,PENDING,4991.38,INR
O000701,C01045,2023-09-01 21:01:58.256978512,COMPLETED,264.96,EUR
O000702,C01169,2023-07-18 21:15:41.933616161,COMPLETED,2216.9,EUR
O000703,C01170,2024-02-05 21:12:27.729521990,PENDING,2271.43,INR
O000704,C00441,2024-06-10 22:52:02.541144371,COMPLETED,1517.15,USD
O000705,C00887,2024-12-26 03:53:28.494838476,SHIPPED,2865.33,EUR
O000706,C00421,2023-04-07 01:07:07.939627647,COMPLETED,766.89,USD
O000707,C01190,2023-02-05 23:35:44.962429285,PENDING,3923.88,USD
O000708,C00468,2024-05-21 21:06:54.630709648,COMPLETED,1675.59,EUR
O000709,C00713,2024-08-30 12:35:44.617158413,COMPLETED,2964.89,USD
O000710,C00385,2024-09-09 20:01:50.243735075,PENDING,3583.88,INR
O000711,C00314,2024-05-10 06:40:52.967394590,COMPLETED,4447.43,USD
O000712,C00771,2024-11-27 10:21:24.797405481,COMPLETED,4182.22,EUR
O000713,C00959,2024-01-09 00:48:12.446284294,CANCELLED,3049.38,USD
O000714,C00917,2024-10-29 02:02:06.960661650,COMPLETED,1954.2,USD
O000715,C00023,2024-12-07 12:04:07.104329348,CANCELLED,2525.96,USD
O000716,C00339,2024-09-10 10:11:55.128099918,COMPLETED,3848.3,EUR
O000717,C00823,2023-08-15 02:58:12.101847649,COMPLETED,4390.18,USD
O000718,C00366,2023-05-24 05:41:53.550612926,SHIPPED,536.83,USD
O000719,C00915,2024-02-05 03:03:48.738533258,SHIPPED,1936.58,USD
O000720,C00475,2023-11-27 16:49:06.335979223,COMPLETED,3885.06,USD
O000721,C00027,2024-10-02 18:19:34.158780098,COMPLETED,2169.63,USD
O000722,C00942,2023-03-15 00:33:17.557547569,PENDING,1674.49,USD
O000723,C00802,2023-07-08 03:36:21.147040129,COMPLETED,2068.39,EUR
O000724,C00801,2024-07-02 19:31:03.028683901,COMPLETED,3022.17,USD
O000725,C00860,2023-03-11 08:09:57.672008991,COMPLETED,4999.03,USD
O000726,C00864,2023-08-23 03:47:33.121176720,COMPLETED,2475.1,USD
O000727,C00690,2023-10-10 14:57:45.013772726,COMPLETED,1058.3,USD
O000728,C01172,2024-03-30 11:50:35.936801910,COMPLETED,830.98,USD
O000729,C00739,2023-04-26 10:29:02.230811834,COMPLETED,230.9,EUR
O000730,C00415,2024-09-20 05:47:26.415336847,COMPLETED,2802.91,USD
O000731,C00982,2023-11-23 16:56:23.875328779,COMPLETED,2731.97,USD
O000732,C00429,2024-10-31 10:13:13.411730528,SHIPPED,1042.06,USD
O000733,C00041,2023-12-08 13:04:51.192719221,COMPLETED,3482.74,USD
O000734,C00905,2023-07-20 18:42:19.211910009,PENDING,3710.71,USD
O000735,C01012,2023-04-14 12:50:27.882988930,SHIPPED,1310.31,USD
O000736,C00703,2023-01-03 17:36:50.613630056,COMPLETED,1733.62,EUR
O000737,C00079,2024-01-24 11:23:56.892963648,SHIPPED,4952.55,USD
O000738,C00717,2023-03-20 05:23:07.188575029,COMPLETED,1883.84,USD
O000739,C00544,2023-10-13 23:04:13.507745743,SHIPPED,3808.79,USD
O000740,C00474,2024-03-06 04:02:28.524745464,CANCELLED,2274.57,USD
O000741,C01166,2023-07-21 06:01:00.889447212,COMPLETED,3970.86,INR
O000742,C00294,2023-05-08 21:55:46.568115711,SHIPPED,3849.74,USD
O000743,C00610,2024-07-19 13:07:22.181216478,COMPLETED,3345.43,INR
O000744,C00136,2024-11-22 03:46:52.818146467,COMPLETED,4276.8,USD
O000745,C00484,2023-03-15 07:42:58.035389900,PENDING,4697.31,USD
O000746,C00814,2023-04-24 13:56:32.939611197,COMPLETED,2908.32,USD
O000747,C00555,2024-12-01 19:25:18.318243504,COMPLETED,1202.6,USD
O000748,C00046,2023-01-28 13:58:46.438142061,COMPLETED,2005.17,USD
O000749,C01072,2024-12-14 16:07:06.730911493,SHIPPED,3796.36,USD
O000750,C00198,2023-01-04 09:22:16.837136507,COMPLETED,3261.4,USD
O000751,C00084,2024-09-29 18:40:29.449240685,CANCELLED,905.44,USD
O000752,C00543,2023-08-13 08:20:13.815259457,COMPLETED,275.17,USD
O000753,C01185,2024-11-16 04:04:36.462958336,COMPLETED,3421.15,USD
O000754,C00071,2023-08-20 08:52:53.244823694,SHIPPED,1270.37,EUR
O000755,C00520,2024-04-22 15:26:48.311795950,COMPLETED,2508.36,USD
O000756,C00898,2023-02-28 10:10:14.240277052,SHIPPED,3738.8,EUR
O000757,C00913,2023-06-26 21:37:05.868010283,COMPLETED,2822.08,USD
O000758,C01076,2024-07-18 18:51:43.741139412,COMPLETED,434.85,USD
O000759,C01069,2024-01-21 22:34:34.163230419,COMPLETED,944.19,USD
O000760,C00293,2024-11-08 10:01:04.665032387,CANCELLED,1112.25,USD
O000761,C00938,2023-11-09 23:43:28.826905966,COMPLETED,1304.16,USD
O000762,C00812,2024-09-26 23:06:45.536615849,SHIPPED,2835.71,USD
O000763,C00867,2023-11-24 17:41:57.352627277,COMPLETED,2529.75,USD
O000764,C00380,2024-12-15 20:25:47.434291601,COMPLETED,1031.74,USD
O000765,C01007,2024-12-01 16:17:54.103590012,COMPLETED,356.42,EUR
O000766,C00262,2023-08-29 06:28:30.292833090,CANCELLED,873.73,USD
O000767,C00580,2024-10-08 17:22:57.740528584,SHIPPED,4922.22,USD
O000768,C00357,2024-09-10 18:09:04.594529390,SHIPPED,2353.36,USD
O000769,C00698,2023-06-03 19:07:14.020244122,COMPLETED,4339.38,EUR
O000770,C01037,2024-03-31 17:34:04.158202410,COMPLETED,4246.79,USD
O000771,C00443,2023-02-23 01:23:39.008880854,COMPLETED,2567.37,USD
O000772,C00726,2024-09-02 19:10:18.568639994,CANCELLED,3539.3,INR
O000773,C00286,2023-05-08 10:02:37.964332581,COMPLETED,979.91,EUR
O000774,C00570,2023-02-21 16:40:24.845803022,COMPLETED,3448.22,USD
O000775,C00840,2023-10-20 03:50:18.793823957,COMPLETED,1376.48,USD
O000776,C00498,2024-02-26 03:40:33.125756741,COMPLETED,4163.67,EUR
O000777,C00705,2024-09-16 02:08:42.410281897,COMPLETED,436.95,EUR
O000778,C00562,2024-12-12 04:43:44.569706917,PENDING,3870.23,USD
O000779,C00032,2023-11-17 19:54:31.752806425,COMPLETED,517.69,USD
O000780,C00043,2023-02-14 03:01:48.326526880,PENDING,4408.32,USD
O000781,C00559,2024-06-30 20:30:17.800319672,PENDING,1534.94,USD
O000782,C00270,2024-02-17 13:50:07.616556168,COMPLETED,3278.88,USD
O000783,C00943,2023-11-23 23:03:22.902029991,COMPLETED,2447.76,USD
O000784,C01043,2023-08-14 18:23:26.723181009,COMPLETED,1844.19,INR
O000785,C00037,2024-01-02 18:01:19.948147535,CANCELLED,3234.3,EUR
O000786,C00092,2023-09-05 05:40:00.012313843,COMPLETED,4738.66,USD
O000787,C00185,2024-07-06 14:50:52.522561550,COMPLETED,225.52,USD
O000788,C00728,2024-02-02 01:01:03.225183964,COMPLETED,4595.89,USD
O000789,C01052,2024-10-02 02:22:22.811448097,COMPLETED,3053.23,USD
O000790,C00372,2024-02-01 18:53:21.784769535,COMPLETED,4040.43,USD
O000791,C00832,2023-06-23 22:21:26.934175968,COMPLETED,1931.7,USD
O000792,C00345,2024-09-13 07:07:47.196145773,SHIPPED,2369.78,USD
O000793,C00078,2024-02-11 18:28:39.601827621,PENDING,4346.88,USD
O000794,C00167,2023-05-31 23:51:17.957790613,COMPLETED,2085.94,EUR
O000795,C01114,2024-03-31 03:51:24.589558840,COMPLETED,2682.6,USD
O000796,C00264,2023-09-19 03:11:51.798448801,PENDING,120.57,USD
O000797,C00724,2024-09-08 09:59:10.778485060,COMPLETED,809.82,EUR
O000798,C00512,2023-11-27 21:48:41.115914822,PENDING,3215.6,USD
O000799,C00576,2024-06-14 07:15:09.338551044,COMPLETED,3590.54,USD
O000800,C00722,2023-03-11 17:47:39.688032866,SHIPPED,2921.35,USD
O000801,C01198,2023-10-17 02:20:47.569981575,COMPLETED,733.68,INR
O000802,C00431,2024-12-18 18:23:23.881187201,COMPLETED,2238.12,USD
O000803,C00768,2024-08-13 04:13:27.377902746,PENDING,1788.37,USD
O000804,C00463,2023-04-27 18:09:46.286886930,COMPLETED,2488.39,USD
O000805,C00101,2023-07-22 18:25:34.128629446,COMPLETED,4354.24,USD
O000806,C01040,2023-08-29 18:22:22.696188450,COMPLETED,3883.79,USD
O000807,C00244,2024-04-19 18:24:16.631568670,PENDING,438.27,USD
O000808,C00105,2024-07-06 14:32:53.470531464,COMPLETED,4453.74,INR
O000809,C00694,2024-07-01 03:42:22.270732403,PENDING,2369.4,INR
O000810,C01193,2024-01-08 04:59:36.479357481,COMPLETED,3724.43,USD
O000811,C01071,2024-08-14 21:34:32.962527752,COMPLETED,717.4,USD
O000812,C01067,2023-11-16 01:36:28.835679531,SHIPPED,3360.18,USD
O000813,C00818,2023-04-01 10:23:15.014321566,COMPLETED,1196.9,EUR
O000814,C00221,2024-02-17 01:01:15.836789370,COMPLETED,2203.14,USD
O000815,C00144,2024-11-26 04:19:12.929560900,COMPLETED,103.98,USD
O000816,C00890,2024-08-01 21:14:55.580628395,COMPLETED,775.02,EUR
O000817,C01052,2024-02-27 10:50:07.251245021,SHIPPED,478.56,EUR
O000818,C00790,2024-04-17 04:02:06.609538317,COMPLETED,1213.93,USD
O000819,C00553,2024-11-10 07:26:48.169187546,COMPLETED,518.09,INR
O000820,C00844,2023-11-09 16:33:56.730601788,COMPLETED,3465.71,INR
O000821,C00659,2023-08-30 22:01:31.131390095,COMPLETED,164.62,USD
O000822,C00837,2024-12-14 09:16:19.987708330,COMPLETED,3096.35,USD
O000823,C01019,2024-09-22 07:31:25.316763639,CANCELLED,720.72,INR
O000824,C01191,2023-08-24 19:43:24.969064474,PENDING,4726.9,USD
O000825,C00751,2023-12-05 13:26:09.836748123,COMPLETED,4666.81,USD
O000826,C00249,2023-10-31 00:10:07.752779961,COMPLETED,1143.01,USD
O000827,C00775,2023-04-19 20:09:22.645164728,CANCELLED,3079.82,EUR
O000828,C00764,2024-11-30 04:59:40.391549826,COMPLETED,159.47,EUR
O000829,C01135,2023-10-23 03:33:13.661892653,COMPLETED,4660.31,USD
O000830,C00692,2024-09-30 23:45:55.900138140,SHIPPED,2624.48,INR
O000831,C00820,2023-05-19 05:31:15.992275000,COMPLETED,235.25,EUR
O000832,C00719,2024-02-04 22:41:47.768510818,COMPLETED,1725.65,EUR
O000833,C00234,2023-01-18 11:48:12.482558012,CANCELLED,402.71,USD
O000834,C00024,2024-07-11 21:08:34.356902122,SHIPPED,1976.86,USD
O000835,C01050,2024-02-29 01:36:41.390189171,COMPLETED,3356.23,USD
O000836,C01006,2024-04-01 16:19:46.208604336,COMPLETED,2360.05,USD
O000837,C00522,2023-02-07 18:08:59.504487038,COMPLETED,1930.94,USD
O000838,C00017,2023-06-04 01:23:29.562917709,SHIPPED,613.4,EUR
O000839,C00245,2023-02-24 06:16:36.781085014,COMPLETED,1239.8,USD
O000840,C00718,2023-07-30 21:46:43.726377964,COMPLETED,518.71,EUR
O000841,C00770,2024-04-03 00:43:53.092528582,CANCELLED,4041.34,USD
O000842,C00717,2024-02-18 07:34:42.402865410,COMPLETED,693.49,USD
O000843,C00118,2024-03-22 20:51:53.548799753,COMPLETED,2984.96,USD
O000844,C00009,2024-02-05 22:52:56.188346624,COMPLETED,1726.85,USD
O000845,C00598,2023-07-19 07:27:52.200867891,COMPLETED,1145.37,USD
O000846,C00023,2023-06-28 11:46:16.872507572,COMPLETED,3204.55,EUR
O000847,C00240,2023-04-11 01:17:08.360019207,CANCELLED,2295.87,USD
O000848,C00027,2024-09-11 19:43:18.221913099,PENDING,2012.72,USD
O000849,C00984,2024-03-26 00:43:06.101913452,COMPLETED,2972.4,USD
O000850,C01105,2023-05-17 03:40:22.580656052,COMPLETED,2466.51,USD
O000851,C00199,2023-05-10 08:42:30.004085302,COMPLETED,1531.35,USD
O000852,C00775,2024-09-29 07:35:01.459456444,COMPLETED,2804.13,USD
O000853,C00092,2024-06-26 04:38:41.039280176,COMPLETED,3354.1,USD
O000854,C00851,2024-04-26 08:40:18.767791510,CANCELLED,152.93,EUR
O000855,C01108,2023-10-25 00:15:32.990718603,COMPLETED,2340.04,USD
O000856,C00300,2023-07-11 05:48:42.790174723,COMPLETED,307.26,EUR
O000857,C00296,2024-12-15 23:58:38.531052113,COMPLETED,948.3,USD
O000858,C00647,2024-08-04 23:38:14.475837946,COMPLETED,2811.33,INR
O000859,C01001,2023-08-09 07:10:19.161651134,COMPLETED,4333.62,USD
O000860,C01083,2024-09-10 17:20:06.830877304,COMPLETED,4416.37,USD
O000861,C00909,2024-07-08 00:29:15.863025188,COMPLETED,368.32,USD
O000862,C00871,2023-08-05 20:51:04.441905022,SHIPPED,2107.14,INR
O000863,C00753,2023-11-08 09:12:21.622728586,COMPLETED,2923.37,USD
O000864,C00342,2023-05-16 17:54:15.707702875,COMPLETED,752.41,USD
O000865,C00062,2023-03-23 01:38:19.771816015,COMPLETED,3831.85,USD
O000866,C00776,2024-06-11 14:47:26.935265303,PENDING,3726.29,USD
O000867,C00625,2023-07-15 06:48:27.867022991,COMPLETED,4518.64,USD
O000868,C00256,2024-08-21 15:26:24.316347599,COMPLETED,62.26,USD
O000869,C00828,2024-12-27 19:03:52.652637959,COMPLETED,1099.09,USD
O000870,C01014,2023-02-25 22:22:44.904170752,SHIPPED,4139.39,USD
O000871,C00615,2023-12-12 07:34:31.409279108,COMPLETED,3359.49,USD
O000872,C00245,2024-08-08 12:08:09.740850925,COMPLETED,4474.06,USD
O000873,C00757,2024-07-29 22:25:10.946648598,COMPLETED,304.75,USD
O000874,C00824,2024-07-08 19:09:00.770250797,COMPLETED,2992.88,INR
O000875,C00780,2023-09-12 18:23:28.559362173,COMPLETED,2853.85,USD
O000876,C00732,2023-11-28 07:30:32.542567730,COMPLETED,197.66,EUR
O000877,C00878,2024-03-10 07:50:44.234241247,PENDING,2577.34,USD
O000878,C00516,2024-12-11 23:26:20.487132549,SHIPPED,3055.41,INR
O000879,C00474,2023-08-28 02:37:41.472632647,COMPLETED,972.64,USD
O000880,C00036,2024-11-04 21:28:51.286077738,COMPLETED,1381.18,USD
O000881,C01041,2023-07-16 15:07:59.543480158,COMPLETED,3208.93,USD
O000882,C00830,2024-12-23 00:35:04.686357498,COMPLETED,2352.14,EUR
O000883,C01072,2024-05-04 07:01:11.255589962,PENDING,4292.91,USD
O000884,C01086,2023-12-05 08:43:16.089174509,CANCELLED,1725.06,USD
O000885,C01093,2024-03-23 18:36:01.078827620,COMPLETED,1347.97,USD
O000886,C00366,2023-07-18 22:44:45.893703938,COMPLETED,4924.63,USD
O000887,C01186,2023-07-20 03:31:33.540963173,COMPLETED,4557.46,USD
O000888,C00945,2023-03-24 21:28:32.189296961,SHIPPED,164.38,USD
O000889,C00976,2023-03-25 06:09:40.376874924,SHIPPED,3858.23,USD
O000890,C00431,2023-09-11 19:12:32.077927113,PENDING,569.47,USD
O000891,C00859,2024-07-10 21:13:40.701879978,SHIPPED,156.88,EUR
O000892,C00230,2024-03-19 19:39:17.482751369,COMPLETED,1383.0,USD
O000893,C00370,2023-03-16 21:16:53.389198065,SHIPPED,1361.34,USD
O000894,C00178,2024-09-14 03:11:02.103280544,SHIPPED,4100.21,EUR
O000895,C00568,2024-03-14 23:57:38.969517469,COMPLETED,3559.12,USD
O000896,C00793,2024-12-02 10:11:22.938969612,COMPLETED,4908.41,USD
O000897,C00900,2024-05-04 05:38:57.800559759,SHIPPED,3563.33,EUR
O000898,C00975,2023-05-08 21:03:49.003550053,COMPLETED,2102.91,USD
O000899,C00082,2023-12-12 20:41:04.227478981,SHIPPED,3500.66,USD
O000900,C00846,2024-04-18 09:40:40.472497225,SHIPPED,4997.31,INR
O000901,C00762,2023-01-21 15:11:51.224624157,SHIPPED,3556.51,INR
O000902,C00618,2023-01-11 21:13:40.180772066,SHIPPED,3813.17,USD
O000903,C01098,2023-04-05 11:08:26.053752899,COMPLETED,4693.06,USD
O000904,C01034,2023-07-03 17:09:39.247187853,SHIPPED,585.98,USD
O000905,C00216,2023-11-10 13:42:02.318696022,COMPLETED,3529.83,USD
O000906,C00290,2023-12-22 19:57:25.560977459,COMPLETED,4257.01,USD
O000907,C00445,2023-04-11 18:14:37.350930929,COMPLETED,4772.81,USD
O000908,C00923,2024-05-06 13:49:13.677993774,COMPLETED,1070.63,INR
O000909,C00552,2024-03-11 04:20:19.827323914,COMPLETED,2529.57,EUR
O000910,C00193,2023-08-03 23:00:39.642109632,CANCELLED,3409.16,USD
O000911,C00289,2023-01-10 23:19:16.168030739,COMPLETED,1252.39,USD
O000912,C00583,2023-02-26 16:23:29.317162752,COMPLETED,3010.35,USD
O000913,C01168,2023-10-13 22:29:32.881019592,COMPLETED,1302.74,USD
O000914,C00857,2023-04-23 09:37:50.276721954,COMPLETED,1680.62,USD
O000915,C00781,2023-10-03 01:52:46.198964834,SHIPPED,2218.76,EUR
O000916,C00896,2024-04-03 13:45:33.231677055,COMPLETED,2655.37,USD
O000917,C00920,2024-02-04 11:35:59.051202059,SHIPPED,2257.84,EUR
O000918,C00564,2023-06-18 18:12:05.301241636,SHIPPED,2476.11,USD
O000919,C00013,2023-09-08 23:46:12.168672085,COMPLETED,1506.97,USD
O000920,C00987,2024-03-24 05:49:35.748553276,PENDING,811.65,USD
O000921,C00340,2024-09-20 10:10:48.328756332,COMPLETED,255.8,USD
O000922,C00865,2024-07-03 20:17:58.008138418,COMPLETED,995.97,INR
O000923,C00312,2024-02-08 23:34:06.492437124,PENDING,2918.08,EUR
O000924,C00733,2023-09-22 11:22:23.989817381,PENDING,3934.85,USD
O000925,C01128,2023-09-24 11:41:54.177116871,COMPLETED,862.85,USD
O000926,C00339,2024-10-03 23:23:28.592995882,COMPLETED,560.61,USD
O000927,C00300,2023-01-29 15:32:50.828029394,COMPLETED,3751.47,INR
O000928,C00359,2024-12-22 05:27:21.348874807,COMPLETED,1539.69,EUR
O000929,C00169,2024-04-29 23:51:25.913229704,CANCELLED,4758.47,USD
O000930,C01173,2024-05-12 05:31:56.955893755,COMPLETED,3577.3,USD
O000931,C00761,2023-01-28 17:43:19.594484806,COMPLETED,1647.25,USD
O000932,C00768,2024-03-18 00:52:22.425942421,PENDING,1461.92,USD
O000933,C00982,2023-12-20 21:18:41.806024790,COMPLETED,2628.02,USD
O000934,C00042,2023-03-19 05:14:47.215622663,COMPLETED,414.14,USD
O000935,C00202,2023-07-22 21:11:37.063245058,CANCELLED,606.03,INR
O000936,C00970,2024-10-11 22:18:33.382307529,PENDING,895.77,USD
O000937,C00464,2024-02-06 11:47:49.365497351,PENDING,3878.12,USD
O000938,C00449,2023-10-29 19:03:30.229368687,COMPLETED,2579.01,EUR
O000939,C00913,2023-02-23 01:23:28.933191538,SHIPPED,72.62,USD
O000940,C00798,2024-06-05 07:24:32.976318121,COMPLETED,3374.11,USD
O000941,C00794,2024-05-28 01:56:47.133234501,COMPLETED,2129.98,USD
O000942,C00437,2024-03-24 06:02:38.378973484,CANCELLED,2564.04,USD
O000943,C00531,2024-01-08 11:48:05.622428894,COMPLETED,1086.3,USD
O000944,C00565,2023-11-13 15:54:09.816023350,SHIPPED,2767.88,USD
O000945,C00872,2024-03-09 02:06:34.376938581,COMPLETED,4896.18,EUR
O000946,C00213,2023-06-20 09:05:17.931414127,COMPLETED,385.75,USD
O000947,C00949,2024-11-18 02:51:31.695812702,SHIPPED,1433.91,EUR
O000948,C01128,2024-03-05 19:40:48.544455528,COMPLETED,1230.13,USD
O000949,C00192,2023-08-16 04:05:29.850319147,SHIPPED,1257.78,EUR
O000950,C01105,2023-11-25 06:23:27.555028677,COMPLETED,1905.96,USD
O000951,C00705,2024-08-11 03:35:51.004043341,CANCELLED,4094.19,USD
O000952,C00549,2023-04-28 23:30:48.182381392,COMPLETED,4566.04,USD
O000953,C00154,2023-08-02 18:28:48.379813433,COMPLETED,1027.03,USD
O000954,C00571,2024-05-11 00:58:50.010040045,COMPLETED,2723.89,USD
O000955,C00240,2023-08-19 07:22:15.231246710,CANCELLED,3191.76,EUR
O000956,C00374,2024-08-01 12:37:46.078366280,SHIPPED,2618.7,USD
O000957,C00805,2023-04-06 05:32:42.343250513,SHIPPED,2181.7,USD
O000958,C00799,2024-07-10 18:15:42.142913103,COMPLETED,976.04,USD
O000959,C00611,2023-02-19 21:31:19.359054804,COMPLETED,2451.33,EUR
O000960,C00688,2023-01-10 04:37:21.266164303,COMPLETED,2018.05,USD
O000961,C00774,2024-10-17 16:52:33.779782057,COMPLETED,3981.91,INR
O000962,C00143,2024-02-29 09:03:47.090353966,COMPLETED,3822.75,INR
O000963,C00272,2023-09-14 20:00:26.053059340,CANCELLED,687.31,USD
O000964,C00426,2023-06-19 19:03:28.942584038,SHIPPED,460.82,USD
O000965,C00046,2024-03-26 07:50:20.121826172,COMPLETED,4542.61,EUR
O000966,C00095,2024-01-07 13:43:05.720029116,COMPLETED,2686.83,USD
O000967,C00064,2024-12-24 20:47:34.898227215,SHIPPED,4291.85,USD
O000968,C00413,2024-12-18 17:56:38.710225105,COMPLETED,309.59,INR
O000969,C01033,2024-04-08 13:37:49.435683489,COMPLETED,2642.05,INR
O000970,C00459,2023-11-20 07:05:28.561110735,COMPLETED,2706.34,INR
O000971,C00470,2023-12-25 12:47:23.205261469,COMPLETED,4306.3,USD
O000972,C00810,2024-05-13 05:01:59.665691376,SHIPPED,506.1,USD
O000973,C00506,2023-03-16 03:35:09.654013872,COMPLETED,1217.42,USD
O000974,C01097,2023-08-28 16:43:41.999389648,COMPLETED,2044.56,USD
O000975,C00084,2023-02-24 22:46:10.784579277,COMPLETED,4331.89,USD
O000976,C00059,2023-02-23 13:16:49.824251175,SHIPPED,4695.64,USD
O000977,C01045,2023-05-23 23:06:12.664753199,COMPLETED,4963.77,USD
O000978,C00918,2023-12-21 05:38:13.273704052,COMPLETED,4796.78,EUR
O000979,C00157,2024-07-26 21:14:45.984379530,CANCELLED,49.59,EUR
O000980,C00576,2023-12-21 09:53:16.847613811,CANCELLED,257.59,EUR
O000981,C00837,2023-09-02 21:33:00.781295061,CANCELLED,755.08,USD
O000982,C00680,2023-03-02 02:49:27.806519985,PENDING,1757.33,USD
O000983,C00203,2024-02-06 17:10:39.238206387,COMPLETED,4152.99,EUR
O000984,C01130,2023-07-18 00:37:32.286666870,COMPLETED,4465.43,USD
O000985,C01146,2024-03-24 21:38:48.469590425,COMPLETED,950.44,USD
O000986,C00318,2024-12-14 08:19:45.082559824,COMPLETED,3105.93,USD
O000987,C00406,2023-03-23 06:13:36.884232044,CANCELLED,4588.46,USD
O000988,C00986,2023-06-04 20:26:13.148190260,SHIPPED,2329.38,USD
O000989,C00949,2023-12-12 08:36:58.707003832,SHIPPED,535.65,EUR
O000990,C01094,2024-12-08 02:06:50.561498404,COMPLETED,2299.91,INR
O000991,C01184,2024-07-17 10:06:26.208901167,CANCELLED,1891.46,USD
O000992,C01162,2024-10-17 16:58:31.671165943,PENDING,2896.74,USD
O000993,C00495,2023-09-01 14:41:02.923065186,COMPLETED,2204.52,EUR
O000994,C00679,2024-12-25 04:30:50.618163586,PENDING,106.38,USD
O000995,C00835,2023-03-17 01:37:51.374798536,COMPLETED,4970.11,USD
O000996,C00194,2023-02-08 16:05:07.130139589,COMPLETED,2726.83,INR
O000997,C00308,2024-09-16 14:09:28.893551588,SHIPPED,2378.68,EUR
O000998,C00506,2024-11-07 21:40:49.893695116,SHIPPED,4773.99,INR
O000999,C00281,2023-03-08 03:03:19.671147823,COMPLETED,796.18,USD
O001000,C00675,2023-03-24 19:14:54.659713745,COMPLETED,962.4,USD
O001001,C00933,2023-01-25 05:12:40.477972269,CANCELLED,4043.91,EUR
O001002,C00715,2023-03-18 06:58:20.991001844,SHIPPED,1318.94,USD
O001003,C00608,2023-06-02 21:02:06.685227394,SHIPPED,4000.15,EUR
O001004,C00483,2024-12-09 03:44:32.507891655,COMPLETED,1372.24,USD
O001005,C00117,2024-05-02 12:54:39.937101126,COMPLETED,185.27,EUR
O001006,C00968,2024-07-22 08:14:56.425505400,COMPLETED,2594.73,USD
O001007,C00192,2024-07-20 13:57:44.469631672,COMPLETED,999.5,USD
O001008,C00788,2024-01-26 14:29:31.546074629,COMPLETED,3794.07,USD
O001009,C00618,2024-08-05 04:00:24.802315474,COMPLETED,3213.17,USD
O001010,C00516,2024-03-10 22:32:52.682900190,COMPLETED,4619.54,USD
O001011,C00307,2023-08-18 14:50:51.468039036,COMPLETED,3919.28,USD
O001012,C00532,2024-02-14 14:38:56.780240536,PENDING,920.26,EUR
O001013,C00122,2024-01-25 11:04:13.544676065,COMPLETED,4004.79,USD
O001014,C00649,2024-08-24 02:53:51.006707907,COMPLETED,3215.85,USD
O001015,C00592,2024-12-17 15:51:39.054696083,COMPLETED,3351.38,USD
O001016,C01178,2023-10-28 01:27:56.686228991,COMPLETED,4164.67,INR
O001017,C00870,2024-07-11 06:36:16.870653391,COMPLETED,2877.64,USD
O001018,C01193,2023-03-14 19:50:52.190693140,CANCELLED,2340.7,USD
O001019,C00059,2024-07-21 02:05:08.133842467,SHIPPED,3190.47,EUR
O001020,C00301,2023-09-29 03:13:27.473237038,COMPLETED,1503.83,USD
O001021,C00553,2023-01-29 18:06:56.353778362,COMPLETED,929.33,USD
O001022,C01141,2023-09-23 04:04:22.974273682,COMPLETED,3090.61,USD
O001023,C01151,2024-03-21 18:27:39.586129904,SHIPPED,1184.56,EUR
O001024,C00399,2023-03-29 01:15:46.576005459,COMPLETED,417.98,USD
O001025,C00515,2024-11-05 13:05:03.506561041,COMPLETED,22.76,EUR
O001026,C00805,2023-02-26 16:49:14.449944496,PENDING,3049.43,EUR
O001027,C00498,2024-11-09 21:43:03.833317518,SHIPPED,1823.5,USD
O001028,C00942,2024-05-31 05:02:57.531239510,PENDING,3766.51,EUR
O001029,C00528,2023-08-29 16:33:26.327724695,PENDING,1888.38,USD
O001030,C00398,2023-10-13 05:56:45.930707932,CANCELLED,2440.3,USD
O001031,C00436,2024-06-24 18:58:48.252423524,COMPLETED,2047.28,USD
O001032,C00840,2024-03-15 01:46:25.274779558,COMPLETED,3259.86,INR
O001033,C00360,2024-05-05 07:11:02.342006207,SHIPPED,1793.57,USD
O001034,C01153,2023-10-12 02:09:50.692738295,SHIPPED,4819.56,USD
O001035,C00864,2023-12-23 02:29:31.924568892,CANCELLED,4682.01,USD
O001036,C00634,2024-12-23 14:28:41.953238010,COMPLETED,4243.18,USD
O001037,C00214,2023-06-06 03:55:43.288158178,COMPLETED,4603.1,USD
O001038,C00916,2023-11-02 00:50:25.396323919,COMPLETED,2256.72,USD
O001039,C00592,2023-08-02 00:44:32.086665154,COMPLETED,2691.42,USD
O001040,C00135,2024-07-12 12:45:13.186462164,COMPLETED,3715.62,USD
O001041,C00754,2024-07-11 17:30:04.325988293,SHIPPED,3486.81,USD
O001042,C00386,2023-08-02 11:38:40.116027832,COMPLETED,4455.58,USD
O001043,C00389,2023-03-01 09:57:30.050675392,SHIPPED,3587.33,EUR
O001044,C00744,2023-01-09 08:18:01.783069372,SHIPPED,4989.47,INR
O001045,C00704,2023-11-09 00:56:00.032670021,COMPLETED,1755.56,USD
O001046,C00925,2023-10-27 13:06:52.749945641,COMPLETED,4168.33,USD
O001047,C00773,2024-12-22 12:35:26.425573349,SHIPPED,3494.22,INR
O001048,C01137,2023-12-09 22:55:56.518404007,SHIPPED,3463.1,EUR
O001049,C00864,2023-07-07 04:26:59.405860901,PENDING,1642.66,USD
O001050,C01060,2024-10-12 14:20:23.304736614,PENDING,3932.3,USD
O001051,C00079,2023-12-25 11:30:37.720550537,CANCELLED,4503.87,USD
O001052,C00674,2024-03-13 09:33:25.664001465,COMPLETED,1108.37,USD
O001053,C00312,2023-03-11 20:06:56.904128313,CANCELLED,3134.97,USD
O001054,C00204,2023-10-07 12:41:43.643103600,PENDING,1972.83,INR
O001055,C00985,2024-11-20 06:47:55.596410751,PENDING,4947.95,USD
O001056,C00017,2024-03-06 08:08:03.590712547,COMPLETED,2404.59,USD
O001057,C00476,2023-09-09 11:40:21.007545233,CANCELLED,1157.03,EUR
O001058,C01017,2024-04-01 17:41:20.416795731,COMPLETED,1921.65,EUR
O001059,C00210,2024-10-26 14:24:08.241870880,SHIPPED,3276.12,EUR
O001060,C00499,2023-07-20 00:18:55.153007269,COMPLETED,398.93,INR
O001061,C00429,2024-01-04 17:38:41.667382479,COMPLETED,3025.94,USD
O001062,C01102,2024-11-30 20:15:36.923522234,COMPLETED,4657.5,INR
O001063,C01104,2023-05-06 20:22:49.550120115,COMPLETED,4254.81,EUR
O001064,C00058,2024-06-09 08:30:43.115235806,COMPLETED,357.01,USD
O001065,C01159,2024-03-24 13:42:26.149378538,PENDING,4967.08,USD
O001066,C00994,2024-05-11 03:54:29.871302128,COMPLETED,3499.66,USD
O001067,C00522,2023-09-14 09:22:04.545464993,COMPLETED,828.16,INR
O001068,C00581,2023-08-18 03:09:59.844367981,COMPLETED,81.83,USD
O001069,C00899,2024-05-14 11:21:12.343349695,COMPLETED,872.99,USD
O001070,C01107,2023-06-07 08:19:06.078113794,COMPLETED,4194.12,USD
O001071,C00621,2023-11-03 08:21:04.067747116,COMPLETED,127.76,USD
O001072,C01068,2023-05-18 08:49:11.275849581,COMPLETED,1181.07,USD
O001073,C00966,2023-01-07 01:30:02.939330578,SHIPPED,3791.38,USD
O001074,C00910,2024-12-09 03:24:17.812321186,COMPLETED,2938.83,EUR
O001075,C00493,2023-11-12 03:26:10.269817591,COMPLETED,3918.02,USD
O001076,C00499,2024-12-08 15:00:18.880687237,COMPLETED,3735.83,USD
O001077,C01042,2023-04-13 10:28:05.038796425,CANCELLED,271.99,USD
O001078,C00605,2024-03-04 18:39:57.513942480,COMPLETED,4464.71,USD
O001079,C00948,2023-05-27 17:03:54.196208954,COMPLETED,1150.62,USD
O001080,C00294,2024-07-30 18:05:55.335827589,COMPLETED,2775.89,USD
O001081,C01172,2024-07-26 02:28:34.907132149,COMPLETED,3228.56,USD
O001082,C00172,2023-03-24 04:52:38.104207516,COMPLETED,859.77,USD
O001083,C00531,2024-10-27 19:22:09.171819687,COMPLETED,4881.63,USD
O001084,C01144,2023-05-23 01:54:41.108401775,COMPLETED,2451.02,USD
O001085,C00066,2024-03-23 11:21:46.888724089,COMPLETED,307.06,USD
O001086,C00141,2024-12-20 12:18:03.686171770,COMPLETED,4687.56,USD
O001087,C00446,2024-10-06 03:35:14.240784168,SHIPPED,2939.61,USD
O001088,C00189,2024-11-29 07:00:00.102210045,CANCELLED,3501.98,EUR
O001089,C00158,2023-09-08 02:19:49.698269129,COMPLETED,2635.38,EUR
O001090,C00670,2023-03-19 01:41:06.906065941,SHIPPED,4177.0,USD
O001091,C00246,2023-05-18 11:50:13.992112160,CANCELLED,185.0,USD
O001092,C00856,2024-01-01 08:40:14.022272110,PENDING,1356.52,USD
O001093,C00944,2024-08-02 01:23:02.268054962,COMPLETED,2358.85,USD
O001094,C00748,2023-04-20 14:41:30.645965338,SHIPPED,401.49,EUR
O001095,C01057,2024-04-26 14:29:47.202750444,COMPLETED,3535.42,INR
O001096,C00330,2023-08-25 05:04:46.641980171,COMPLETED,1980.44,EUR
O001097,C00512,2023-09-07 01:51:37.109917879,COMPLETED,1377.89,EUR
O001098,C00850,2024-04-28 04:47:55.076520681,COMPLETED,36.83,EUR
O001099,C01095,2023-12-07 21:49:47.388799191,COMPLETED,3604.75,USD
O001100,C00079,2024-08-15 18:49:23.857735395,COMPLETED,4172.37,USD
O001101,C00169,2023-04-24 19:41:32.241453886,SHIPPED,1987.3,EUR
O001102,C00810,2024-07-30 15:53:37.270746708,COMPLETED,2829.81,USD
O001103,C00983,2023-02-16 21:24:05.565477610,COMPLETED,1153.88,USD
O001104,C00180,2023-05-22 15:49:26.334850788,COMPLETED,3118.54,USD
O001105,C00260,2024-04-23 23:44:34.793143749,COMPLETED,80.44,EUR
O001106,C01029,2024-09-16 02:17:51.007466316,COMPLETED,2453.45,USD
O001107,C00297,2023-07-04 10:56:49.480776310,CANCELLED,3228.14,USD
O001108,C00620,2023-08-27 20:23:48.962841272,COMPLETED,4592.6,INR
O001109,C00855,2024-01-28 02:21:19.835941315,COMPLETED,1919.05,EUR
O001110,C00360,2023-06-04 10:45:20.050893307,PENDING,3830.65,INR
O001111,C00117,2024-08-15 03:27:27.730847120,COMPLETED,2996.48,USD
O001112,C00357,2024-07-18 18:06:50.473803282,PENDING,4636.52,USD
O001113,C00957,2023-04-17 01:30:38.857105732,COMPLETED,2003.92,EUR
O001114,C00439,2023-12-05 14:17:48.845138550,COMPLETED,1609.09,USD
O001115,C01139,2024-07-19 14:58:56.898440361,COMPLETED,4437.97,USD
O001116,C00522,2023-09-04 06:00:48.185754538,COMPLETED,265.24,USD
O001117,C00199,2024-04-07 04:01:53.522452830,COMPLETED,699.2,USD
O001118,C01074,2023-02-06 15:44:01.996572018,PENDING,430.37,USD
O001119,C01166,2024-03-20 08:13:37.504105091,SHIPPED,4218.69,USD
O001120,C00670,2023-04-22 10:28:48.754598379,SHIPPED,72.82,USD
O001121,C01054,2024-08-29 07:49:11.481618643,SHIPPED,4311.05,EUR
O001122,C01106,2023-09-17 11:28:28.566947937,COMPLETED,2267.31,USD
O001123,C00031,2023-07-25 12:49:25.229992867,SHIPPED,40.05,USD
O001124,C01008,2024-09-05 20:22:29.539146900,COMPLETED,2020.19,USD
O001125,C00333,2023-02-06 14:31:23.823185205,SHIPPED,950.27,USD
O001126,C00660,2023-10-17 12:35:10.191615820,COMPLETED,3129.51,INR
O001127,C00177,2023-09-28 02:27:43.311148405,SHIPPED,3403.21,USD
O001128,C00370,2023-07-27 21:42:09.204667568,PENDING,2447.89,EUR
O001129,C00547,2024-10-27 13:56:09.227997065,COMPLETED,221.79,USD
O001130,C00535,2024-07-02 04:15:55.635886669,COMPLETED,3287.52,USD
O001131,C01130,2023-02-16 15:56:01.811913967,COMPLETED,4213.35,USD
O001132,C00097,2024-06-05 17:19:26.810761452,COMPLETED,3607.21,USD
O001133,C00230,2024-01-20 22:16:50.924699306,SHIPPED,4153.19,USD
O001134,C00227,2024-10-19 15:12:19.835696459,CANCELLED,1018.54,USD
O001135,C00371,2023-08-17 10:48:25.977395773,COMPLETED,4446.66,USD
O001136,C01124,2024-02-24 03:19:05.639375687,COMPLETED,1624.52,EUR
O001137,C00055,2024-01-01 13:13:56.688463449,SHIPPED,86.76,EUR
O001138,C00424,2023-12-24 09:06:25.477587461,COMPLETED,4220.09,USD
O001139,C00315,2023-11-29 22:57:59.758349657,COMPLETED,4710.27,USD
O001140,C01152,2023-05-31 02:37:42.280771971,CANCELLED,3284.68,USD
O001141,C00032,2024-07-05 16:02:16.231440306,SHIPPED,1172.55,INR
O001142,C00093,2023-11-26 11:24:26.256932496,COMPLETED,1273.69,USD
O001143,C00519,2024-11-30 17:12:18.496964455,COMPLETED,2343.63,USD
O001144,C00853,2023-07-10 09:21:49.119902849,SHIPPED,4491.2,USD
O001145,C00752,2024-05-13 09:40:19.452956676,SHIPPED,765.0,USD
O001146,C01130,2024-11-17 17:21:47.646997929,PENDING,4133.35,USD
O001147,C00416,2024-04-29 07:47:23.349271059,COMPLETED,1470.69,USD
O001148,C00557,2024-09-28 00:42:04.829244375,CANCELLED,4046.76,EUR
O001149,C00366,2024-08-27 01:27:59.093793869,COMPLETED,4602.95,EUR
O001150,C00599,2023-09-20 21:15:44.551322460,SHIPPED,2148.92,USD
O001151,C00331,2024-03-14 02:10:17.139863968,COMPLETED,1837.95,USD
O001152,C00689,2023-04-25 01:41:55.224581718,COMPLETED,4015.06,USD
O001153,C00011,2024-01-26 22:24:48.473376751,CANCELLED,2656.82,INR
O001154,C00818,2023-06-18 04:59:34.606273890,COMPLETED,3428.56,EUR
O001155,C00419,2024-06-26 22:16:08.392680645,COMPLETED,3121.69,USD
O001156,C01146,2024-01-21 11:35:00.785580158,PENDING,781.39,USD
O001157,C00911,2023-10-28 04:42:12.215903997,SHIPPED,4227.06,USD
O001158,C00348,2023-07-16 05:19:30.449443579,PENDING,994.96,USD
O001159,C00958,2024-12-30 01:11:50.646693707,COMPLETED,4662.77,USD
O001160,C00412,2023-02-22 08:22:05.973254442,COMPLETED,1267.85,INR
O001161,C00153,2023-02-01 19:10:59.245063782,CANCELLED,3674.73,USD
O001162,C00092,2023-06-08 14:20:58.763948917,COMPLETED,1437.58,USD
O001163,C00331,2024-12-09 21:11:22.110573769,PENDING,1602.57,EUR
O001164,C00955,2024-12-15 20:15:09.752278090,COMPLETED,1563.81,USD
O001165,C00970,2024-04-23 02:20:02.087548256,PENDING,3744.5,INR
O001166,C00554,2024-10-04 11:28:07.714042425,COMPLETED,2792.94,USD
O001167,C00930,2023-06-06 04:36:34.287590742,COMPLETED,4417.1,INR
O001168,C00194,2024-12-10 14:10:38.963907957,PENDING,1550.72,USD
O001169,C00530,2023-04-15 05:35:26.068002701,COMPLETED,3466.12,USD
O001170,C00845,2023-03-15 19:42:47.868993521,SHIPPED,3769.68,USD
O001171,C00639,2023-03-23 21:56:46.203403950,PENDING,774.38,USD
O001172,C00478,2024-02-23 09:12:04.376647234,SHIPPED,2014.93,USD
O001173,C00480,2024-07-24 02:40:17.402089119,CANCELLED,2424.43,INR
O001174,C00288,2023-09-25 16:00:32.242908955,COMPLETED,1791.32,EUR
O001175,C00698,2024-12-14 20:44:15.741646528,COMPLETED,1624.12,USD
O001176,C00695,2023-11-14 03:02:26.951399326,COMPLETED,3438.37,USD
O001177,C00540,2023-04-20 19:51:30.994368315,COMPLETED,1095.01,EUR
O001178,C00330,2023-12-07 03:44:14.741595984,COMPLETED,3552.77,EUR
O001179,C00470,2024-05-10 16:43:52.097524166,COMPLETED,4676.52,USD
O001180,C00849,2024-08-30 12:35:44.427972078,COMPLETED,2834.68,INR
O001181,C00534,2023-12-01 21:37:13.584142208,COMPLETED,3064.94,USD
O001182,C00467,2024-03-09 07:59:29.732573032,COMPLETED,363.28,USD
O001183,C00977,2023-07-15 03:52:45.685283184,PENDING,4325.09,USD
O001184,C00420,2024-04-16 12:27:27.153448582,COMPLETED,1441.53,EUR
O001185,C01146,2024-12-20 18:13:42.448836088,COMPLETED,3082.95,USD
O001186,C00762,2023-02-05 19:25:06.930257320,PENDING,4895.98,USD
O001187,C01006,2024-10-09 04:01:02.462716341,COMPLETED,2985.6,USD
O001188,C00891,2024-02-15 11:11:22.014553308,CANCELLED,3629.05,USD
O001189,C00308,2023-07-04 00:46:06.655913353,SHIPPED,2237.69,USD
O001190,C00924,2024-11-28 01:40:03.789703846,COMPLETED,320.62,USD
O001191,C00334,2023-12-19 20:22:02.602530956,SHIPPED,3992.04,USD
O001192,C00954,2023-08-31 03:12:47.553543806,SHIPPED,194.29,USD
O001193,C01022,2023-05-13 11:50:18.410298586,COMPLETED,3509.28,EUR
O001194,C00789,2023-06-28 10:48:09.805308104,PENDING,134.15,USD
O001195,C00832,2024-08-30 23:30:54.751255512,COMPLETED,4314.28,EUR
O001196,C00844,2024-03-24 12:27:48.107652187,COMPLETED,805.03,USD
O001197,C00250,2024-10-28 16:03:47.712367058,COMPLETED,2581.07,USD
O001198,C01119,2023-06-19 08:05:14.214495897,COMPLETED,2993.81,USD
O001199,C00184,2023-03-30 10:20:52.129797935,COMPLETED,2298.58,USD
O001200,C00799,2023-01-05 10:39:12.753692389,CANCELLED,1717.0,USD
O001201,C00186,2024-01-06 17:44:34.436516047,COMPLETED,2349.72,EUR
O001202,C01093,2024-12-29 18:20:14.713052750,COMPLETED,1570.85,INR
O001203,C00838,2024-05-22 07:47:29.434929132,COMPLETED,2201.85,USD
O001204,C00627,2023-08-14 03:04:23.704425812,PENDING,1807.39,USD
O001205,C00859,2024-10-02 02:33:44.548626661,CANCELLED,2839.7,INR
O001206,C00008,2024-07-24 15:46:26.760392666,SHIPPED,1204.86,USD
O001207,C00783,2023-01-12 06:04:25.354779482,CANCELLED,4943.51,USD
O001208,C00775,2024-08-19 07:23:44.228683472,SHIPPED,2514.33,INR
O001209,C01007,2023-08-08 09:13:43.632546425,CANCELLED,986.93,INR
O001210,C00677,2023-04-20 06:16:44.758216858,SHIPPED,2395.79,USD
O001211,C01107,2023-06-15 05:18:58.723896742,COMPLETED,4334.75,USD
O001212,C00211,2023-12-09 01:31:05.421548843,COMPLETED,128.6,USD
O001213,C00490,2023-11-07 03:41:09.896033525,SHIPPED,3404.18,EUR
O001214,C00639,2023-07-30 21:18:19.746131182,COMPLETED,2748.88,INR
O001215,C00191,2023-05-06 17:15:54.018241882,COMPLETED,864.4,USD
O001216,C00671,2024-07-10 10:17:00.364310980,COMPLETED,4091.03,EUR
O001217,C00843,2024-12-23 18:43:24.279728651,CANCELLED,1857.05,EUR
O001218,C00335,2024-07-21 18:54:30.560230732,COMPLETED,1483.13,USD
O001219,C01111,2023-08-05 00:48:56.424979448,SHIPPED,4144.06,EUR
O001220,C00579,2023-06-28 17:03:10.814186096,SHIPPED,3199.85,USD
O001221,C00062,2023-06-08 21:30:22.135230780,CANCELLED,4493.33,USD
O001222,C00387,2023-04-10 18:53:51.738172531,CANCELLED,3156.82,USD
O001223,C01170,2024-02-07 11:18:40.430192709,SHIPPED,3709.27,EUR
O001224,C00153,2024-03-17 22:36:52.259841441,COMPLETED,4185.5,USD
O001225,C00619,2024-05-30 00:24:23.813345432,COMPLETED,292.6,USD
O001226,C00698,2024-05-11 13:20:17.731528282,COMPLETED,3884.72,EUR
O001227,C00178,2023-08-02 09:40:46.609265566,SHIPPED,3076.26,USD
O001228,C00847,2023-08-30 03:02:55.732389927,PENDING,366.15,INR
O001229,C00487,2024-05-12 12:08:04.779419184,SHIPPED,2552.72,USD
O001230,C00500,2023-09-13 02:19:21.599504948,COMPLETED,430.64,USD
O001231,C00541,2023-06-05 05:09:29.815669298,COMPLETED,3685.02,USD
O001232,C00013,2023-10-01 06:22:09.885960817,COMPLETED,2741.58,INR
O001233,C00151,2023-07-18 14:54:51.986758232,COMPLETED,4768.8,USD
O001234,C01074,2023-03-06 11:14:19.952698231,COMPLETED,932.01,USD
O001235,C00991,2024-08-29 00:02:00.844393015,COMPLETED,3038.05,EUR
O001236,C00644,2024-09-14 18:30:41.536912680,PENDING,1073.68,USD
O001237,C00372,2023-06-10 10:01:30.932125330,COMPLETED,3078.04,INR
O001238,C01137,2023-02-17 06:48:32.168453455,COMPLETED,3618.8,EUR
O001239,C00252,2024-06-23 08:15:24.128613472,CANCELLED,3617.08,USD
O001240,C00053,2023-06-04 09:58:53.490457296,COMPLETED,4079.07,USD
O001241,C01154,2023-10-15 04:59:23.189761639,COMPLETED,4270.68,USD
O001242,C00193,2023-02-16 19:38:58.629116297,COMPLETED,404.81,USD
O001243,C00591,2023-06-15 04:14:35.249884129,COMPLETED,1729.47,EUR
O001244,C01081,2024-08-01 19:38:52.498806715,COMPLETED,3441.87,INR
O001245,C00097,2024-08-10 05:01:32.699835539,COMPLETED,2502.96,USD
O001246,C00198,2023-06-01 04:07:34.075317621,COMPLETED,969.57,USD
O001247,C00147,2023-09-03 05:12:38.038569212,COMPLETED,2772.49,USD
O001248,C00723,2023-04-08 23:51:25.569080591,COMPLETED,2049.03,USD
O001249,C00684,2023-02-24 03:30:16.137330532,PENDING,1962.39,USD
O001250,C01036,2024-12-25 06:50:54.373690128,COMPLETED,4052.57,USD
O001251,C00333,2024-04-23 14:00:21.692914486,CANCELLED,2049.84,USD
O001252,C00512,2024-01-31 17:31:51.028156281,COMPLETED,151.74,USD
O001253,C00172,2024-07-12 19:32:01.417562962,COMPLETED,309.16,EUR
O001254,C01190,2024-09-05 06:09:06.615824223,SHIPPED,4284.1,USD
O001255,C01194,2024-08-11 21:38:33.850116968,COMPLETED,4803.79,EUR
O001256,C00564,2023-01-13 01:46:16.145611048,COMPLETED,3448.28,USD
O001257,C00512,2023-05-17 08:52:27.754671097,SHIPPED,1834.55,EUR
O001258,C01144,2024-04-23 01:56:27.215175867,COMPLETED,4694.23,USD
O001259,C00105,2023-10-02 07:18:13.584691525,SHIPPED,3320.76,EUR
O001260,C00674,2024-12-18 05:05:45.767726183,CANCELLED,4224.78,EUR
O001261,C00807,2024-04-30 17:53:31.081279993,COMPLETED,3833.94,USD
O001262,C01065,2024-11-29 06:44:12.771368504,COMPLETED,1908.11,USD
O001263,C00889,2023-05-28 01:20:32.490363598,COMPLETED,2403.94,INR
O001264,C00876,2024-09-22 16:31:37.677270651,CANCELLED,946.94,EUR
O001265,C00677,2023-08-23 14:05:32.632377863,PENDING,1474.23,INR
O001266,C00321,2024-12-23 09:10:31.585175037,CANCELLED,3895.07,EUR
O001267,C00335,2023-04-26 02:42:19.924997568,COMPLETED,4472.01,USD
O001268,C01184,2024-01-12 22:16:25.053771019,SHIPPED,3627.81,USD
O001269,C00264,2024-08-01 18:38:10.438174963,COMPLETED,2336.57,USD
O001270,C00865,2023-11-12 19:53:46.536657810,COMPLETED,450.82,INR
O001271,C00352,2023-12-08 16:49:57.844155312,CANCELLED,303.6,USD
O001272,C00676,2024-12-21 00:57:12.734138012,COMPLETED,1884.14,USD
O001273,C00919,2023-11-07 11:23:55.655794382,CANCELLED,2329.83,EUR
O001274,C00005,2024-03-16 23:20:35.528984070,COMPLETED,3053.42,EUR
O001275,C00034,2023-02-09 19:32:05.478103161,PENDING,52.32,USD
O001276,C01169,2024-09-06 19:31:14.179021597,COMPLETED,4948.82,USD
O001277,C00351,2024-04-18 03:54:15.185237885,COMPLETED,1832.42,USD
O001278,C00583,2023-10-22 22:25:55.927763462,COMPLETED,4243.51,USD
O001279,C00465,2023-01-12 19:17:25.224011421,COMPLETED,2684.13,EUR
O001280,C00348,2024-03-07 22:02:15.852473497,COMPLETED,669.59,USD
O001281,C00125,2023-01-10 05:45:54.558153152,SHIPPED,3991.88,EUR
O001282,C00357,2023-01-01 21:05:14.336469650,COMPLETED,3554.94,EUR
O001283,C00527,2024-03-25 18:02:48.511884212,COMPLETED,2646.63,USD
O001284,C00498,2023-05-18 23:34:44.470925093,COMPLETED,2582.47,USD
O001285,C01177,2023-05-21 01:52:11.535819768,COMPLETED,455.65,USD
O001286,C00053,2024-04-21 21:19:04.200202703,PENDING,3286.13,USD
O001287,C00149,2023-02-09 04:46:29.037712097,PENDING,4558.0,USD
O001288,C00503,2023-08-17 18:51:55.573323250,COMPLETED,484.36,EUR
O001289,C00870,2023-04-20 02:02:48.931901455,COMPLETED,1332.29,USD
O001290,C00219,2024-02-28 12:41:23.995806932,SHIPPED,4513.49,EUR
O001291,C00452,2024-04-28 02:07:31.838966370,COMPLETED,1436.03,USD
O001292,C00083,2024-06-10 10:18:00.558198929,COMPLETED,3276.64,USD
O001293,C00738,2023-07-06 07:39:03.313487768,COMPLETED,2683.39,INR
O001294,C00527,2023-03-07 03:39:20.335222721,COMPLETED,2989.71,USD
O001295,C00404,2023-02-27 10:32:15.610639334,COMPLETED,2090.63,USD
O001296,C00290,2023-11-08 02:10:30.463884115,COMPLETED,1513.96,USD
O001297,C00420,2024-11-21 11:11:38.568403482,SHIPPED,261.7,USD
O001298,C00339,2023-06-08 22:36:45.648028374,COMPLETED,3726.52,EUR
O001299,C00777,2023-07-07 10:06:46.279814243,COMPLETED,3735.55,USD
O001300,C00711,2023-03-15 15:34:18.526420832,COMPLETED,3360.21,USD
O001301,C00987,2024-03-18 01:35:28.315037966,COMPLETED,3225.3,USD
O001302,C00959,2024-05-11 07:22:21.905596256,COMPLETED,1233.71,INR
O001303,C00686,2024-04-14 08:09:17.161115408,CANCELLED,131.28,USD
O001304,C01060,2024-09-20 15:00:06.689320564,COMPLETED,4047.4,USD
O001305,C00373,2023-12-22 02:10:50.266764402,SHIPPED,2465.87,USD
O001306,C00994,2023-04-09 03:41:14.475260258,COMPLETED,1548.05,USD
O001307,C00531,2023-07-31 06:22:40.403788805,SHIPPED,527.62,USD
O001308,C00924,2024-04-28 13:46:23.283631563,COMPLETED,332.35,USD
O001309,C00023,2024-03-23 13:53:49.127827643,COMPLETED,1757.36,USD
O001310,C00104,2024-01-23 15:10:29.399148226,PENDING,4027.59,USD
O001311,C00241,2024-05-13 13:32:11.815532923,COMPLETED,4595.24,USD
O001312,C01005,2024-04-10 07:05:15.714744806,PENDING,4485.82,INR
O001313,C00903,2024-10-05 08:48:43.428333521,COMPLETED,4601.6,EUR
O001314,C01166,2024-03-03 19:00:24.960311174,CANCELLED,4540.47,USD
O001315,C00814,2024-07-22 09:05:44.895961523,SHIPPED,2645.58,USD
O001316,C00655,2023-07-01 13:20:57.741117001,CANCELLED,1112.69,USD
O001317,C00783,2024-05-10 01:45:31.975201607,COMPLETED,3994.27,EUR
O001318,C00307,2024-10-20 14:26:27.434632063,COMPLETED,1084.29,USD
O001319,C00008,2023-10-09 14:01:49.385298252,SHIPPED,1350.69,EUR
O001320,C01093,2024-07-22 17:54:19.303823233,PENDING,1181.61,USD
O001321,C00575,2024-06-13 02:18:30.804998398,CANCELLED,2584.61,USD
O001322,C01092,2023-02-13 10:53:56.289099693,COMPLETED,1622.7,INR
O001323,C00912,2024-02-29 12:01:32.104609489,SHIPPED,787.7,EUR
O001324,C00518,2023-04-06 00:55:02.632792950,COMPLETED,2276.8,EUR
O001325,C01143,2024-12-07 03:25:54.830927849,COMPLETED,4372.06,USD
O001326,C01055,2024-08-15 07:51:34.010335684,COMPLETED,2861.35,USD
O001327,C00483,2023-03-22 02:21:39.592258453,COMPLETED,4394.11,USD
O001328,C00207,2023-03-30 21:05:41.995634317,CANCELLED,995.44,USD
O001329,C00669,2024-03-09 23:10:54.977048635,COMPLETED,851.53,USD
O001330,C00579,2023-09-09 18:27:29.993451118,SHIPPED,2886.37,USD
O001331,C00387,2023-01-26 11:33:02.343459129,COMPLETED,2327.38,USD
O001332,C00412,2024-01-31 09:33:33.182046413,COMPLETED,3307.66,USD
O001333,C00891,2023-10-11 03:02:46.127385616,COMPLETED,3977.24,EUR
O001334,C00906,2023-03-15 18:51:36.526870489,COMPLETED,3761.51,INR
O001335,C00963,2024-08-08 09:38:42.980369329,COMPLETED,4712.46,USD
O001336,C00965,2024-10-30 00:08:41.739664793,PENDING,2003.32,USD
O001337,C00140,2024-07-06 07:31:32.606139183,CANCELLED,1047.81,USD
O001338,C00300,2024-08-23 08:50:19.937346697,COMPLETED,2763.54,INR
O001339,C01037,2023-06-08 00:54:53.058608532,COMPLETED,571.5,USD
O001340,C00664,2023-07-12 09:47:53.160337925,COMPLETED,1458.48,EUR
O001341,C00825,2023-06-02 05:24:09.021750450,SHIPPED,1055.28,EUR
O001342,C00400,2024-07-12 11:54:40.743088961,COMPLETED,1994.89,USD
O001343,C00992,2024-11-22 23:30:26.002556562,COMPLETED,573.86,USD
O001344,C01133,2024-06-07 06:59:16.303120613,COMPLETED,178.57,INR
O001345,C00149,2024-10-05 11:17:51.794483423,CANCELLED,3290.83,USD
O001346,C00307,2024-04-11 06:00:29.312471390,COMPLETED,3059.04,USD
O001347,C01084,2023-10-10 23:48:05.248044491,COMPLETED,3547.63,INR
O001348,C00435,2023-11-07 19:20:36.576884270,CANCELLED,3308.72,USD
O001349,C00021,2023-02-24 23:37:53.369662523,SHIPPED,589.19,EUR
O001350,C00875,2023-01-23 23:07:48.218557358,SHIPPED,1469.57,INR
O001351,C00382,2024-05-22 16:43:57.307413578,COMPLETED,665.04,EUR
O001352,C00245,2023-11-17 01:16:27.076929092,CANCELLED,4218.0,USD
O001353,C01097,2024-02-08 02:48:28.772341490,SHIPPED,3739.58,USD
O001354,C01100,2024-02-12 02:13:30.210041046,PENDING,1023.6,USD
O001355,C00698,2023-07-22 11:37:27.298557997,SHIPPED,1719.72,EUR
O001356,C00590,2023-12-14 09:38:12.443037748,SHIPPED,4833.74,EUR
O001357,C00390,2023-12-10 15:43:08.701025248,COMPLETED,2978.91,USD
O001358,C00568,2023-10-11 13:14:41.697283506,COMPLETED,4009.75,USD
O001359,C00259,2024-08-22 02:13:57.781872272,SHIPPED,1337.66,USD
O001360,C00426,2023-11-26 08:23:36.040584087,COMPLETED,1066.06,EUR
O001361,C01030,2024-03-16 15:51:07.449641705,COMPLETED,3923.91,EUR
O001362,C00006,2024-10-15 17:30:45.032659531,COMPLETED,3435.64,INR
O001363,C00191,2024-09-24 08:24:47.060957909,PENDING,3411.27,EUR
O001364,C00148,2024-10-12 00:11:49.236759424,COMPLETED,2772.12,EUR
O001365,C00405,2023-07-17 02:29:15.137041330,PENDING,2826.62,EUR
O001366,C00258,2023-01-26 12:53:35.502566099,SHIPPED,3683.77,USD
O001367,C00730,2023-07-10 13:53:25.202998161,COMPLETED,1364.61,USD
O001368,C00090,2023-07-23 10:57:09.702989340,COMPLETED,1776.79,INR
O001369,C00824,2024-10-25 19:59:34.527197123,COMPLETED,4360.75,USD
O001370,C00010,2024-04-18 22:43:57.645556450,COMPLETED,1558.15,USD
O001371,C01111,2023-03-01 15:27:12.140031815,COMPLETED,2740.62,USD
O001372,C00838,2023-04-09 19:49:58.807612181,COMPLETED,3519.14,USD
O001373,C01175,2023-04-24 15:26:44.590183496,CANCELLED,4999.63,USD
O001374,C00988,2024-04-05 04:59:20.500510216,COMPLETED,2187.75,USD
O001375,C00625,2024-06-20 20:27:13.416777611,SHIPPED,2151.9,USD
O001376,C00030,2024-09-19 12:57:40.727180719,COMPLETED,4216.09,USD
O001377,C00128,2024-11-17 15:57:08.532451391,SHIPPED,4031.41,USD
O001378,C01102,2023-05-28 05:51:49.843477726,COMPLETED,3660.76,EUR
O001379,C00421,2023-08-15 03:12:50.156515121,SHIPPED,2326.88,USD
O001380,C01079,2023-06-25 10:27:24.734338045,SHIPPED,1633.22,USD
O001381,C00305,2023-09-19 21:30:09.583224297,SHIPPED,3051.48,USD
O001382,C00546,2024-10-29 16:55:57.655430794,COMPLETED,4383.59,USD
O001383,C01129,2024-02-24 19:58:19.821999311,SHIPPED,4421.21,USD
O001384,C01196,2024-06-22 21:07:19.348050833,COMPLETED,560.32,EUR
O001385,C00022,2023-12-24 18:53:20.460988283,COMPLETED,2153.18,EUR
O001386,C00391,2023-01-22 01:35:26.309936047,COMPLETED,2334.32,USD
O001387,C00617,2023-02-16 20:42:17.692854166,COMPLETED,4888.52,USD
O001388,C00149,2024-01-28 16:24:41.428128004,COMPLETED,3396.43,USD
O001389,C00299,2024-06-08 17:11:02.004168749,SHIPPED,2048.09,INR
O001390,C00172,2023-06-07 04:35:27.032292128,COMPLETED,149.77,INR
O001391,C00047,2024-06-10 23:51:20.650842667,COMPLETED,2835.62,USD
O001392,C00626,2024-08-14 18:51:51.665152073,COMPLETED,498.46,USD
O001393,C00207,2023-10-28 16:26:37.755254984,SHIPPED,4175.56,EUR
O001394,C00453,2024-06-28 21:15:53.853943348,COMPLETED,3767.54,EUR
O001395,C00925,2023-10-22 22:36:17.027116537,COMPLETED,2313.34,USD
O001396,C00754,2024-05-10 04:42:10.900986910,SHIPPED,2157.47,INR
O001397,C00708,2024-07-11 17:13:41.894682169,COMPLETED,4488.75,USD
O001398,C01009,2024-12-25 02:33:15.669929266,COMPLETED,1456.52,USD
O001399,C00676,2023-09-10 03:20:58.269675016,COMPLETED,1260.12,EUR
O001400,C01200,2023-10-28 01:26:04.112401962,SHIPPED,4697.2,USD
O001401,C00855,2023-05-01 21:39:48.387118340,SHIPPED,4050.04,EUR
O001402,C00783,2023-05-29 23:21:35.939518690,COMPLETED,4106.72,USD
O001403,C01134,2024-05-21 04:16:49.603884935,COMPLETED,992.07,USD
O001404,C00684,2024-10-31 10:38:19.462223053,COMPLETED,733.61,USD
O001405,C00963,2023-10-16 01:28:43.511177778,SHIPPED,149.63,USD
O001406,C00864,2023-05-12 06:52:28.950811148,PENDING,1200.47,USD
O001407,C00168,2023-07-28 02:56:35.625084162,COMPLETED,3875.47,INR
O001408,C00086,2023-11-29 04:30:21.125658989,COMPLETED,1215.39,USD
O001409,C00849,2023-08-01 04:11:37.573732615,SHIPPED,3650.93,EUR
O001410,C01075,2023-06-20 12:18:19.930662394,PENDING,1274.5,USD
O001411,C01136,2024-06-21 06:26:53.674886465,PENDING,1988.56,EUR
O001412,C00442,2023-01-06 17:26:34.872488499,SHIPPED,4916.15,USD
O001413,C00271,2024-01-29 15:19:07.820166588,PENDING,1239.16,USD
O001414,C00344,2024-08-02 10:47:40.052980661,COMPLETED,1894.33,USD
O001415,C00503,2023-07-14 08:19:10.474615335,COMPLETED,1519.41,USD
O001416,C01034,2024-03-16 09:40:02.157321215,COMPLETED,565.93,USD
O001417,C00494,2024-05-03 07:07:47.461577415,SHIPPED,2459.67,USD
O001418,C00244,2024-04-23 04:01:57.651661873,COMPLETED,1905.88,INR
O001419,C00267,2023-11-22 11:17:08.128181458,COMPLETED,3480.54,EUR
O001420,C00893,2023-09-11 00:02:46.851301193,COMPLETED,4091.62,INR
O001421,C00201,2024-09-02 05:23:23.134010314,COMPLETED,2730.36,USD
O001422,C00239,2024-07-07 15:58:23.399895430,PENDING,180.34,INR
O001423,C00915,2023-08-23 12:23:26.297562361,COMPLETED,3102.23,EUR
O001424,C00969,2023-03-17 04:53:46.631858826,COMPLETED,295.85,USD
O001425,C00484,2023-02-22 10:04:05.506336688,SHIPPED,3089.45,USD
O001426,C00246,2023-03-10 19:42:54.478041649,COMPLETED,3431.45,USD
O001427,C01032,2024-03-01 11:52:16.349104404,SHIPPED,1004.88,USD
O001428,C00152,2023-02-07 17:07:16.753885984,PENDING,4100.34,USD
O001429,C00211,2023-09-03 22:57:31.857731819,CANCELLED,4557.2,USD
O001430,C00367,2024-07-03 20:03:31.599134207,PENDING,4069.17,EUR
O001431,C00944,2023-08-03 20:58:47.558457851,COMPLETED,1539.44,USD
O001432,C00086,2024-07-11 05:09:27.043905258,COMPLETED,2941.48,USD
O001433,C01079,2024-06-28 04:34:57.033795357,COMPLETED,4575.78,EUR
O001434,C00446,2023-06-29 10:53:28.909442186,COMPLETED,1616.91,EUR
O001435,C00620,2024-06-16 00:57:52.542809725,COMPLETED,4103.74,INR
O001436,C00304,2024-06-29 21:02:48.129097939,COMPLETED,67.19,USD
O001437,C00132,2023-10-18 03:23:33.999670744,PENDING,38.16,USD
O001438,C00904,2023-06-03 14:34:00.750545025,COMPLETED,3803.36,USD
O001439,C00988,2024-01-16 12:39:52.332283974,COMPLETED,3812.01,USD
O001440,C00047,2024-11-03 14:53:08.670348406,COMPLETED,3949.11,USD
O001441,C00757,2024-04-11 22:05:06.547955036,COMPLETED,4651.53,USD
O001442,C00690,2023-05-07 05:36:07.770346642,CANCELLED,607.17,INR
O001443,C01048,2024-05-13 09:54:04.756792545,COMPLETED,1175.29,USD
O001444,C00687,2023-11-08 20:35:49.336719990,SHIPPED,4520.55,USD
O001445,C00786,2024-03-07 19:35:04.306797981,COMPLETED,902.64,USD
O001446,C00340,2024-06-19 20:48:06.816977501,COMPLETED,3417.5,EUR
O001447,C00412,2024-01-11 21:52:39.354719162,COMPLETED,2661.71,USD
O001448,C00286,2024-08-17 04:59:57.244287729,PENDING,434.3,USD
O001449,C01110,2024-06-11 04:09:56.698658466,COMPLETED,1440.61,USD
O001450,C00850,2024-03-25 00:05:05.701647520,COMPLETED,2611.45,USD
O001451,C00430,2023-04-21 01:53:24.480178118,COMPLETED,4264.7,USD
O001452,C00031,2024-09-02 05:49:42.323414326,SHIPPED,3543.54,USD
O001453,C00603,2024-11-14 05:03:57.077291489,SHIPPED,3116.98,USD
O001454,C00440,2023-04-10 23:37:44.288899899,COMPLETED,2490.24,EUR
O001455,C00985,2023-12-23 09:59:04.515625238,COMPLETED,1507.45,USD
O001456,C00412,2023-07-08 23:43:50.733563662,PENDING,613.84,EUR
O001457,C00528,2024-07-04 19:14:54.045945168,SHIPPED,2057.2,USD
O001458,C00310,2024-06-10 18:57:04.402088404,PENDING,162.02,USD
O001459,C00949,2023-04-13 20:18:26.324616194,PENDING,1071.06,USD
O001460,C00674,2024-10-02 05:31:04.053014040,SHIPPED,2173.77,USD
O001461,C00437,2023-05-13 02:38:53.091220617,COMPLETED,2104.65,USD
O001462,C00704,2024-08-04 23:58:41.265677451,PENDING,240.59,USD
O001463,C00663,2023-11-30 14:17:45.242457628,CANCELLED,2953.52,EUR
O001464,C00365,2023-08-28 15:19:50.099299669,COMPLETED,2757.43,EUR
O001465,C00923,2023-04-26 12:21:06.775388002,COMPLETED,408.96,EUR
O001466,C00113,2023-05-03 08:36:06.363680124,CANCELLED,4716.95,USD
O001467,C00176,2024-04-28 04:19:21.066095114,COMPLETED,514.93,USD
O001468,C01173,2024-02-06 19:32:25.428600788,PENDING,4277.07,USD
O001469,C00936,2023-03-31 02:56:11.714386463,COMPLETED,21.54,USD
O001470,C00382,2023-03-24 06:27:59.453566074,COMPLETED,4413.76,USD
O001471,C00306,2023-02-22 18:52:52.572069407,COMPLETED,118.2,USD
O001472,C00602,2024-06-26 22:48:14.133544207,COMPLETED,3793.9,EUR
O001473,C00343,2024-06-03 16:10:26.879581690,COMPLETED,1821.22,USD
O001474,C00156,2023-02-12 15:42:39.455179691,COMPLETED,3696.32,USD
O001475,C00712,2024-02-13 23:55:54.208052158,SHIPPED,2020.69,USD
O001476,C01079,2023-03-03 19:31:34.463466883,CANCELLED,373.12,USD
O001477,C00403,2024-10-21 17:37:33.243847132,COMPLETED,3842.18,INR
O001478,C00614,2024-10-24 04:41:49.862529278,COMPLETED,374.84,USD
O001479,C00797,2024-05-24 17:02:31.133493662,COMPLETED,4612.16,INR
O001480,C00623,2024-11-07 02:49:47.653028965,COMPLETED,273.85,USD
O001481,C00603,2024-08-15 08:39:25.534252405,COMPLETED,2407.04,USD
O001482,C00177,2024-08-27 19:59:45.060870886,COMPLETED,3620.71,EUR
O001483,C00449,2024-02-20 21:16:53.551146746,COMPLETED,1978.37,USD
O001484,C00743,2023-08-12 10:09:25.749890566,COMPLETED,1101.82,USD
O001485,C00301,2023-06-08 23:50:25.788622856,COMPLETED,3800.27,USD
O001486,C00707,2023-08-27 20:32:39.790039301,SHIPPED,3925.79,USD
O001487,C00307,2024-04-03 19:14:23.766577244,COMPLETED,4615.02,EUR
O001488,C00751,2023-05-07 00:56:33.028021097,PENDING,1893.3,EUR
O001489,C00869,2023-07-08 19:22:37.005189180,CANCELLED,2541.13,EUR
O001490,C00214,2023-12-08 16:25:34.738235474,CANCELLED,1828.38,USD
O001491,C00483,2023-06-20 03:02:15.814144611,CANCELLED,1300.27,USD
O001492,C01091,2024-03-05 17:02:13.536331415,COMPLETED,3760.14,USD
O001493,C00133,2024-11-04 22:02:38.466797590,COMPLETED,1711.47,EUR
O001494,C00512,2024-06-30 02:31:32.473627567,COMPLETED,2152.18,INR
O001495,C00211,2024-05-01 11:47:39.407600164,PENDING,2030.29,USD
O001496,C00988,2024-03-01 09:16:48.933248997,PENDING,3569.05,USD
O001497,C00987,2023-12-23 04:50:50.532661676,PENDING,4590.62,USD
O001498,C00717,2023-05-17 04:35:55.754877329,COMPLETED,3340.45,USD
O001499,C00253,2024-10-15 03:19:37.844683170,SHIPPED,2368.48,USD
O001500,C00038,2023-07-01 10:21:02.718953609,COMPLETED,3900.44,USD
