product_id,product_name,category,price,currency,is_active,created_at
P00001,Product_1,Books,973.81,USD,True,2024-06-25 16:58:39.180530548
P00002,Product_2,Electronics,371.95,USD,False,2022-06-22 11:06:51.852355719
P00003,Product_3,Electronics,1077.75,USD,True,2023-10-13 19:02:16.683327436
P00004,Product_4,Furniture,1166.35,USD,True,2023-10-13 00:05:06.388986349
P00005,Product_5,Electronics,1011.76,USD,True,2022-06-29 18:46:51.079443932
P00006,Product_6,Books,923.68,USD,True,2022-05-16 04:37:21.783517361
P00007,Product_7,,1339.24,USD,True,2024-12-09 03:45:54.221119165
P00008,Product_8,Furniture,122.55,USD,True,2023-03-08 02:56:23.202534676
P00009,Product_9,Furniture,499.72,USD,True,2022-09-07 00:38:34.911075592
P00010,Product_10,,376.19,USD,True,2022-07-07 14:24:32.501739501
P00011,Product_11,Furniture,1482.08,USD,True,2024-01-02 00:34:22.918682814
P00012,Product_12,Furniture,587.14,INR,True,2023-10-30 08:13:20.689539194
P00013,Product_13,Furniture,1100.26,USD,True,2023-12-06 16:32:59.251593589
P00014,Product_14,,1028.66,USD,True,2022-04-07 08:47:54.250803471
P00015,Product_15,Clothing,322.06,EUR,True,2024-09-05 10:05:19.875620127
P00016,Product_16,Books,362.3,USD,True,2023-03-03 05:55:15.269310474
P00017,Product_17,Books,425.52,USD,True,2022-12-10 03:20:52.803563356
P00018,Product_18,Furniture,619.64,EUR,True,2023-05-22 06:51:31.801214218
P00019,Product_19,Furniture,355.32,EUR,True,2023-03-04 02:56:10.348251581
P00020,Product_20,Books,34.38,USD,True,2024-08-03 14:48:13.112988234
P00021,Product_21,Furniture,1319.69,USD,True,2024-10-14 12:58:42.341522217
P00022,Product_22,Books,1448.59,USD,True,2022-11-29 06:45:01.901864290
P00023,Product_23,,515.65,EUR,True,2024-08-04 00:13:58.872171402
P00024,Product_24,Clothing,511.07,USD,True,2024-05-05 18:25:40.238864422
P00025,Product_25,Books,15.6,USD,True,2024-10-16 05:37:32.265193224
P00026,Product_26,Books,1021.97,EUR,False,2022-09-27 02:19:05.535282373
P00027,Product_27,Books,1239.03,USD,True,2023-09-24 18:29:11.274645567
P00028,Product_28,Furniture,224.18,EUR,False,2022-10-28 15:01:54.073123932
P00029,Product_29,Electronics,243.7,USD,True,2024-06-21 09:12:11.555745602
P00030,Product_30,Furniture,1186.17,USD,True,2022-01-06 19:55:11.021547318
P00031,Product_31,Clothing,926.35,USD,True,2023-09-11 11:26:51.362356186
P00032,Product_32,Furniture,72.07,EUR,True,2023-01-07 10:15:58.225773573
P00033,Product_33,Books,935.71,USD,True,2022-12-20 08:07:40.159218311
P00034,Product_34,Furniture,466.83,USD,True,2023-12-08 04:08:17.488212109
P00035,Product_35,Clothing,556.24,USD,True,2024-07-21 09:00:40.780698299
P00036,Product_36,Electronics,1155.75,EUR,True,2023-10-30 01:39:17.588939905
P00037,Product_37,Books,1217.35,INR,True,2024-07-23 05:23:09.163809061
P00038,Product_38,Clothing,603.53,USD,True,2022-10-17 17:36:43.560840368
P00039,Product_39,Electronics,1420.99,USD,True,2023-07-23 20:30:31.475605249
P00040,Product_40,Electronics,612.66,INR,True,2023-05-09 08:06:00.888057947
P00041,Product_41,Books,1158.89,USD,True,2022-01-13 18:01:40.652189016
P00042,Product_42,Furniture,728.4,USD,True,2023-09-02 17:01:23.238259077
P00043,Product_43,Electronics,1346.81,USD,True,2023-12-26 08:51:33.258821248
P00044,Product_44,,1362.1,EUR,True,2023-10-11 03:30:37.973279476
P00045,Product_45,Books,135.69,USD,True,2024-03-17 05:26:08.664101839
P00046,Product_46,,1405.06,USD,True,2023-09-18 14:48:10.107888699
P00047,Product_47,Furniture,1239.17,USD,True,2022-03-15 02:11:48.110920429
P00048,Product_48,Furniture,1188.01,USD,False,2022-05-08 12:11:18.142606497
P00049,Product_49,Books,305.36,USD,True,2023-10-16 03:21:06.832278252
P00050,Product_50,Clothing,1208.65,USD,True,2022-10-29 02:27:11.394242048
P00051,Product_51,Books,1275.95,USD,True,2022-03-29 05:04:26.367721081
P00052,Product_52,Electronics,437.28,USD,True,2023-04-16 09:57:36.352180004
P00053,Product_53,Furniture,1428.63,USD,True,2023-08-30 23:35:52.359498501
P00054,Product_54,Electronics,79.54,EUR,False,2022-12-26 23:26:40.465779543
P00055,Product_55,Electronics,229.11,EUR,True,2024-02-28 20:59:51.700176477
P00056,Product_56,Electronics,808.68,EUR,True,2023-12-06 22:17:29.691242456
P00057,Product_57,Electronics,865.81,USD,True,2022-12-31 10:27:59.506160975
P00058,Product_58,,969.5,USD,True,2024-04-06 14:03:00.214981079
P00059,Product_59,Electronics,30.37,USD,True,2023-12-12 07:42:20.583965302
P00060,Product_60,Clothing,1440.75,INR,True,2023-11-30 00:03:52.389743328
P00061,Product_61,Books,71.66,EUR,True,2023-08-30 00:04:47.916062832
P00062,Product_62,Clothing,218.88,EUR,True,2022-01-13 11:19:13.718521833
P00063,Product_63,Electronics,25.95,USD,True,2024-02-02 16:12:31.614381552
P00064,Product_64,Books,852.45,USD,True,2023-02-16 18:22:41.773255110
P00065,Product_65,Clothing,1398.74,USD,True,2024-10-29 03:46:59.458690166
P00066,Product_66,Books,1000.59,USD,True,2024-06-14 16:38:23.222072124
P00067,Product_67,Books,1234.87,USD,True,2023-10-06 12:36:38.373418331
P00068,Product_68,,24.86,INR,True,2022-10-04 03:20:32.935957432
P00069,Product_69,Clothing,815.31,USD,True,2022-08-12 01:41:35.143213511
P00070,Product_70,Furniture,692.05,USD,True,2023-01-08 17:18:48.722997665
P00071,Product_71,Clothing,750.96,USD,True,2023-06-06 20:12:20.006218433
P00072,Product_72,Electronics,112.96,INR,True,2022-11-21 04:36:05.773764610
P00073,Product_73,Books,1028.23,USD,True,2023-07-18 20:20:49.700092077
P00074,Product_74,Electronics,757.31,USD,True,2022-07-01 01:56:05.216951609
P00075,Product_75,Furniture,1148.9,INR,True,2024-12-06 14:17:33.795794964
P00076,Product_76,Books,730.51,USD,True,2022-04-29 04:15:26.296128035
P00077,Product_77,Clothing,228.33,USD,True,2024-10-17 11:29:31.164420843
P00078,Product_78,Furniture,974.14,USD,True,2024-09-27 08:49:48.502786160
P00079,Product_79,Furniture,262.72,USD,True,2023-07-30 06:28:24.463979006
P00080,Product_80,Books,1309.23,EUR,True,2024-03-04 18:38:30.997868299
P00081,Product_81,Furniture,921.61,EUR,False,2023-04-23 11:20:57.374590635
P00082,Product_82,Books,240.02,USD,True,2023-11-21 21:18:31.312134981
P00083,Product_83,Electronics,1443.7,USD,True,2023-01-08 22:20:08.287537098
P00084,Product_84,Books,779.96,USD,True,2022-11-26 18:27:32.543861389
P00085,Product_85,Books,113.98,USD,True,2023-09-26 03:52:43.609925270
P00086,Product_86,Electronics,942.12,USD,True,2023-06-30 10:50:52.215198040
P00087,Product_87,Furniture,383.53,USD,True,2023-09-27 14:12:56.812541485
P00088,Product_88,Electronics,1206.52,USD,True,2022-11-10 21:26:24.274402618
P00089,Product_89,Books,1227.64,EUR,True,2023-02-06 19:39:06.552542210
P00090,Product_90,Clothing,1468.53,USD,True,2022-04-02 20:50:18.259179831
P00091,Product_91,Clothing,755.29,USD,True,2022-02-27 05:49:23.027928829
P00092,Product_92,Electronics,685.16,USD,True,2022-10-05 12:51:12.124104738
P00093,Product_93,Electronics,1131.45,EUR,True,2022-03-23 07:12:26.867544174
P00094,Product_94,Electronics,203.04,USD,True,2022-04-24 15:11:57.634515524
P00095,Product_95,Furniture,822.64,USD,True,2024-06-09 03:45:30.577509642
P00096,Product_96,Clothing,821.64,USD,True,2022-02-12 13:36:02.727355003
P00097,Product_97,Books,138.76,EUR,True,2023-12-23 13:00:59.848578215
P00098,Product_98,Clothing,629.89,USD,True,2022-10-26 10:49:03.499927521
P00099,Product_99,Furniture,1280.66,EUR,True,2024-08-12 08:13:13.760434389
P00100,Product_100,,1284.95,INR,True,2023-06-16 01:35:50.059308052
P00101,Product_101,Books,153.36,EUR,True,2022-12-01 14:32:57.664086819
P00102,Product_102,,140.63,USD,True,2023-07-21 19:33:04.427706003
P00103,Product_103,Clothing,397.73,USD,True,2023-02-23 05:51:24.265834807
P00104,Product_104,Electronics,1312.78,USD,True,2023-09-10 21:49:55.126283406
P00105,Product_105,Electronics,197.71,INR,True,2022-05-06 09:55:25.606619120
P00106,Product_106,Books,1081.4,USD,True,2024-12-27 16:54:37.490089893
P00107,Product_107,Electronics,156.24,USD,True,2023-04-11 23:36:30.477131128
P00108,Product_108,Furniture,936.59,USD,True,2023-01-17 07:30:04.361434698
P00109,Product_109,Clothing,537.32,USD,True,2024-02-17 16:18:53.329505205
P00110,Product_110,Clothing,1184.43,USD,True,2023-02-03 11:16:35.049710512
P00111,Product_111,Clothing,354.37,USD,True,2024-07-01 10:26:55.450160742
P00112,Product_112,Electronics,960.61,USD,True,2023-05-13 10:14:04.690291166
P00113,Product_113,Furniture,357.35,EUR,True,2024-02-27 21:59:42.362216234
P00114,Product_114,Clothing,1071.92,USD,True,2022-04-28 15:52:13.901134014
P00115,Product_115,,1311.15,USD,True,2024-07-15 12:00:43.906997919
P00116,Product_116,Books,194.57,USD,True,2024-03-16 14:40:07.293103456
P00117,Product_117,,1300.56,USD,False,2022-08-20 19:55:00.976729631
P00118,Product_118,Books,892.4,EUR,False,2022-06-09 02:06:58.810029268
P00119,Product_119,Clothing,195.03,USD,True,2022-12-13 08:09:46.528233767
P00120,Product_120,Electronics,644.18,USD,True,2024-12-04 19:08:06.003306389
P00121,Product_121,Clothing,245.49,USD,True,2022-10-09 05:32:01.606640339
P00122,Product_122,Clothing,1052.02,INR,True,2023-05-15 11:01:22.984023094
P00123,Product_123,Clothing,1139.51,USD,True,2022-02-02 20:55:53.514665842
P00124,Product_124,Furniture,163.17,EUR,True,2023-03-11 23:08:22.117202044
P00125,Product_125,Clothing,761.68,USD,True,2023-09-18 14:17:24.020094872
P00126,Product_126,Furniture,1222.86,USD,True,2024-11-09 16:06:53.340153456
P00127,Product_127,Clothing,1404.56,USD,True,2023-07-20 19:49:23.739689589
P00128,Product_128,Electronics,772.71,EUR,True,2024-06-15 22:08:25.915018797
P00129,Product_129,Books,1425.67,USD,True,2023-08-23 02:30:52.008158445
P00130,Product_130,Electronics,805.86,INR,False,2022-02-14 15:49:48.551107407
P00131,Product_131,Electronics,594.31,USD,True,2022-12-11 22:25:02.899154186
P00132,Product_132,Furniture,1273.06,USD,True,2023-09-23 05:26:27.836884975
P00133,Product_133,Clothing,742.01,USD,True,2024-11-06 21:36:33.928811789
P00134,Product_134,Furniture,710.49,EUR,True,2024-07-29 17:56:45.075344563
P00135,Product_135,Electronics,738.02,USD,True,2022-09-08 01:11:07.946232319
P00136,Product_136,Clothing,1270.94,EUR,True,2022-08-30 00:29:10.798453093
P00137,Product_137,Furniture,1248.75,INR,True,2022-08-09 06:49:32.072711945
P00138,Product_138,,608.26,INR,True,2024-10-07 03:16:15.581387281
P00139,Product_139,,503.28,USD,True,2024-07-22 16:03:59.412647486
P00140,Product_140,Clothing,740.43,USD,False,2024-04-28 11:56:11.758586884
P00141,Product_141,Furniture,861.29,EUR,True,2023-03-07 01:04:43.686525822
P00142,Product_142,Books,361.31,USD,False,2023-07-07 07:07:29.672297716
P00143,Product_143,Electronics,1191.96,USD,True,2023-05-24 10:38:17.711579800
P00144,Product_144,Furniture,732.29,USD,True,2022-10-05 11:18:08.159977198
P00145,Product_145,Furniture,504.4,USD,True,2023-07-08 00:08:13.390042543
P00146,Product_146,,164.7,USD,True,2022-02-03 09:26:57.399253368
P00147,Product_147,Electronics,362.07,USD,True,2022-05-25 07:58:35.815847635
P00148,Product_148,Clothing,1424.18,USD,True,2024-08-28 19:34:28.514351605
P00149,Product_149,Books,461.12,USD,True,2024-04-03 02:08:39.399308920
P00150,Product_150,Furniture,257.44,USD,True,2023-04-09 00:58:54.444262028
P00151,Product_151,Electronics,693.71,USD,True,2023-07-21 06:42:41.474953175
P00152,Product_152,,464.1,USD,True,2023-02-10 03:34:14.602901459
P00153,Product_153,Clothing,57.56,USD,True,2024-03-22 03:41:41.672336817
P00154,Product_154,Clothing,488.1,USD,True,2024-05-08 16:26:20.652788639
P00155,Product_155,Electronics,818.44,USD,True,2024-04-15 19:08:05.274740458
P00156,Product_156,Furniture,829.81,USD,True,2024-03-02 06:14:10.063137531
P00157,Product_157,Furniture,538.06,EUR,True,2022-08-12 22:22:26.475048065
P00158,Product_158,Electronics,673.72,USD,True,2023-01-06 01:51:03.795983315
P00159,Product_159,Electronics,1448.45,EUR,True,2023-05-30 11:32:16.912935495
P00160,Product_160,Books,569.14,USD,True,2022-12-29 05:14:23.332987547
P00161,Product_161,Electronics,391.05,USD,True,2024-04-06 15:49:42.456579208
P00162,Product_162,Electronics,368.98,USD,True,2022-12-27 15:24:38.222239733
P00163,Product_163,Clothing,689.36,USD,True,2022-06-01 08:44:21.266587257
P00164,Product_164,Books,1140.48,USD,False,2023-03-13 22:46:59.087385893
P00165,Product_165,Electronics,312.95,USD,True,2024-12-09 00:09:04.656675339
P00166,Product_166,Clothing,1065.4,USD,True,2022-09-05 08:09:48.714819670
P00167,Product_167,Electronics,36.62,USD,True,2023-11-02 07:31:46.405301094
P00168,Product_168,Electronics,631.3,USD,True,2023-04-20 02:31:54.299234867
P00169,Product_169,Electronics,1164.92,INR,True,2022-03-19 18:31:32.296167612
P00170,Product_170,Books,511.41,USD,True,2023-06-19 05:23:49.940264463
P00171,Product_171,Electronics,847.79,USD,False,2024-02-08 20:52:42.804759502
P00172,Product_172,Electronics,311.44,USD,True,2023-07-16 23:25:15.473118305
P00173,Product_173,Furniture,1114.28,USD,True,2024-08-12 22:56:50.478936434
P00174,Product_174,Books,83.16,EUR,True,2022-11-13 09:15:53.271940470
P00175,Product_175,Electronics,1279.55,USD,True,2022-04-05 10:37:41.598725557
P00176,Product_176,Furniture,301.3,USD,True,2024-10-22 12:56:39.387740612
P00177,Product_177,Electronics,1312.23,EUR,True,2023-02-19 03:00:00.236165762
P00178,Product_178,Furniture,532.03,USD,True,2023-09-24 03:56:16.411925316
P00179,Product_179,Clothing,1085.41,USD,False,2024-05-17 05:50:31.756925583
P00180,Product_180,Clothing,482.24,INR,True,2022-12-22 02:57:47.111940861
P00181,Product_181,Furniture,1359.34,USD,True,2024-02-24 04:48:14.627907515
P00182,Product_182,Furniture,194.32,USD,True,2022-05-29 06:48:26.543565035
P00183,Product_183,Electronics,271.89,USD,True,2022-11-15 23:11:58.835618496
P00184,Product_184,Furniture,742.08,USD,True,2022-06-08 10:59:43.863603830
P00185,Product_185,Electronics,127.5,USD,True,2024-06-07 07:08:20.669235706
P00186,Product_186,Books,297.99,EUR,True,2022-09-01 19:13:18.846335649
P00187,Product_187,,1415.93,USD,True,2024-02-25 13:21:55.569776058
P00188,Product_188,,1464.85,EUR,True,2024-10-29 21:52:54.766616821
P00189,Product_189,Books,567.51,INR,True,2023-08-01 21:51:13.155588388
P00190,Product_190,Clothing,1385.31,USD,False,2023-08-15 07:58:01.821399212
P00191,Product_191,Books,819.51,USD,True,2023-05-20 19:57:43.810597897
P00192,Product_192,Electronics,408.26,USD,True,2022-12-23 20:23:34.686185837
P00193,Product_193,Clothing,1055.09,INR,True,2023-06-05 20:12:51.165744543
P00194,Product_194,Furniture,990.06,EUR,True,2023-10-23 01:46:55.012693644
P00195,Product_195,Furniture,1483.74,USD,True,2024-12-15 15:51:30.659921646
P00196,Product_196,Books,401.25,USD,True,2024-10-23 20:27:09.427978516
P00197,Product_197,Electronics,1009.73,USD,True,2024-08-02 01:22:47.078195572
P00198,Product_198,Furniture,82.78,INR,True,2024-08-31 14:21:01.721965313
P00199,Product_199,,174.9,USD,True,2023-05-28 07:04:35.532893658
P00200,Product_200,Electronics,10.86,USD,True,2023-12-21 21:38:12.905605555
P00201,Product_201,Furniture,1499.19,EUR,True,2024-09-07 02:21:12.523549318
P00202,Product_202,,1204.4,USD,True,2023-03-07 06:44:45.974301815
P00203,Product_203,Clothing,1181.15,USD,True,2024-11-19 03:07:04.551308155
P00204,Product_204,Clothing,767.04,USD,True,2023-04-01 06:51:27.760241270
P00205,Product_205,Electronics,453.6,USD,False,2023-10-21 04:27:08.807521343
P00206,Product_206,Furniture,231.14,USD,True,2024-02-17 05:40:04.313272476
P00207,Product_207,Books,430.59,INR,True,2024-11-06 21:33:29.173088312
P00208,Product_208,Clothing,567.08,USD,True,2022-09-25 20:30:56.455536842
P00209,Product_209,Clothing,1135.68,USD,True,2024-03-28 00:19:19.589201450
P00210,Product_210,Electronics,811.79,USD,False,2023-07-25 07:02:00.973919392
P00211,Product_211,Electronics,120.84,USD,True,2022-10-22 01:40:53.959837675
P00212,Product_212,,31.95,USD,True,2024-04-30 09:13:39.899456978
P00213,Product_213,Furniture,157.99,EUR,True,2023-08-28 16:24:05.482687235
P00214,Product_214,Clothing,618.7,EUR,True,2023-12-25 18:23:31.224024534
P00215,Product_215,Electronics,1400.12,USD,False,2022-12-20 13:50:24.296018124
P00216,Product_216,Clothing,957.92,USD,True,2023-06-11 23:52:46.034506083
P00217,Product_217,,1203.73,USD,True,2023-11-08 00:04:10.977478981
P00218,Product_218,Clothing,702.23,INR,True,2023-03-20 09:03:22.316441298
P00219,Product_219,Electronics,545.69,USD,True,2022-08-06 05:13:49.249911308
P00220,Product_220,Clothing,167.06,EUR,True,2024-11-18 23:54:43.696966171
P00221,Product_221,Books,1314.52,USD,True,2023-07-15 01:22:01.028352022
P00222,Product_222,Furniture,1175.82,INR,False,2024-03-14 15:25:38.392178774
P00223,Product_223,Books,256.34,EUR,True,2023-03-27 02:19:12.887951612
P00224,Product_224,Clothing,770.83,EUR,True,2023-01-24 20:51:45.930944920
P00225,Product_225,Books,733.63,USD,False,2023-03-22 20:16:39.949377775
P00226,Product_226,Clothing,939.51,USD,True,2023-03-25 01:41:16.075272799
P00227,Product_227,Electronics,1419.55,USD,True,2023-08-19 21:03:12.409036398
P00228,Product_228,Furniture,871.76,EUR,True,2023-08-19 02:23:17.459196806
P00229,Product_229,Electronics,812.62,USD,True,2023-06-29 09:12:08.213046789
P00230,Product_230,,80.23,INR,True,2022-05-28 14:10:13.539469004
P00231,Product_231,Books,99.05,EUR,False,2023-06-28 04:51:48.869978189
P00232,Product_232,Clothing,285.08,USD,True,2022-07-05 04:03:01.810997009
P00233,Product_233,Furniture,53.54,EUR,True,2022-05-19 02:50:54.469869852
P00234,Product_234,Electronics,1116.31,USD,True,2024-10-18 05:55:46.026213169
P00235,Product_235,Books,1086.38,USD,True,2023-10-25 10:05:10.843878031
P00236,Product_236,Furniture,208.4,USD,True,2023-12-24 03:23:55.419050694
P00237,Product_237,Electronics,1254.94,USD,True,2023-03-16 23:08:15.562898874
P00238,Product_238,Clothing,236.41,EUR,False,2024-09-22 08:01:04.222281456
P00239,Product_239,Electronics,455.26,USD,True,2023-11-30 12:48:47.758152962
P00240,Product_240,Furniture,377.22,USD,True,2024-04-22 05:47:03.015887499
P00241,Product_241,Furniture,561.6,USD,True,2023-02-08 13:49:18.069773912
P00242,Product_242,Electronics,385.72,EUR,True,2024-11-17 05:06:44.020535946
P00243,Product_243,,735.98,USD,True,2024-06-17 09:43:21.739297867
P00244,Product_244,Electronics,614.07,EUR,True,2024-07-24 01:45:56.188879967
P00245,Product_245,Electronics,1479.92,USD,True,2022-07-08 13:15:55.252615690
P00246,Product_246,Electronics,88.61,USD,True,2022-10-24 16:54:47.170280457
P00247,Product_247,Books,217.56,USD,True,2022-11-09 18:16:01.342863798
P00248,Product_248,Furniture,83.97,USD,True,2022-10-24 15:29:39.792939901
P00249,Product_249,Clothing,940.63,EUR,True,2024-07-25 16:07:35.400362492
P00250,Product_250,Electronics,86.49,USD,True,2022-02-04 21:55:56.705094576
P00251,Product_251,Electronics,1255.48,EUR,True,2022-03-25 07:54:27.757493019
P00252,Product_252,Furniture,770.35,USD,True,2022-10-27 22:28:58.080554008
P00253,Product_253,Books,792.88,USD,True,2022-08-07 20:39:42.385634661
P00254,Product_254,Books,844.58,INR,True,2022-09-11 21:16:14.350228548
P00255,Product_255,Electronics,260.37,EUR,True,2024-05-23 17:56:49.248876095
P00256,Product_256,Clothing,300.55,USD,True,2023-09-09 14:58:00.794938803
P00257,Product_257,,481.63,USD,True,2022-01-07 07:39:10.723605156
P00258,Product_258,Furniture,892.28,USD,True,2023-04-16 02:36:08.217742443
P00259,Product_259,Books,319.13,USD,True,2023-03-23 15:12:57.159458637
P00260,Product_260,Electronics,178.92,EUR,True,2022-05-05 18:28:54.051609278
P00261,Product_261,,1455.32,EUR,False,2024-01-11 09:00:22.336006641
P00262,Product_262,Books,37.86,USD,True,2024-02-08 19:06:50.798206806
P00263,Product_263,,1205.03,INR,True,2024-02-29 09:04:25.668080807
P00264,Product_264,Clothing,1183.11,USD,True,2024-03-08 16:12:59.217407227
P00265,Product_265,Furniture,449.34,USD,False,2022-01-01 01:23:17.850410700
P00266,Product_266,,207.76,USD,True,2024-11-10 13:02:19.410330772
P00267,Product_267,Electronics,222.71,USD,True,2024-06-10 13:24:23.033507586
P00268,Product_268,Furniture,1047.66,USD,True,2024-09-16 20:38:20.350919008
P00269,Product_269,Books,966.0,USD,True,2022-01-18 03:06:20.882445812
P00270,Product_270,Books,1175.2,USD,True,2024-10-19 13:48:32.951697350
P00271,Product_271,,1406.53,USD,True,2024-06-05 17:14:33.122124195
P00272,Product_272,Electronics,1039.43,EUR,True,2024-07-05 18:07:08.677036524
P00273,Product_273,Books,238.0,USD,True,2022-04-13 03:35:32.893775940
P00274,Product_274,Books,368.95,USD,True,2024-03-19 23:05:11.759930611
P00275,Product_275,Electronics,1264.08,EUR,True,2024-11-17 02:36:38.173658848
P00276,Product_276,Furniture,317.91,INR,True,2024-01-14 00:13:26.876889229
P00277,Product_277,Electronics,113.42,INR,True,2023-09-17 18:21:13.368724823
P00278,Product_278,Furniture,1056.4,USD,True,2024-11-01 11:08:52.552477121
P00279,Product_279,,606.78,USD,True,2023-05-01 00:23:15.213051558
P00280,Product_280,Clothing,1380.46,USD,False,2023-10-19 05:26:05.721501827
P00281,Product_281,Books,977.13,USD,True,2023-06-06 14:10:13.270915031
P00282,Product_282,,140.18,INR,True,2024-10-18 11:11:55.310455084
P00283,Product_283,Furniture,1422.05,USD,True,2022-03-25 07:30:23.829831123
P00284,Product_284,Books,391.54,USD,True,2023-07-03 17:25:32.655684471
P00285,Product_285,Furniture,509.13,USD,True,2024-01-23 05:06:36.574593544
P00286,Product_286,Books,606.38,USD,True,2024-05-17 03:18:13.787050962
P00287,Product_287,Electronics,81.58,EUR,True,2023-10-01 09:43:48.197394848
P00288,Product_288,,747.29,USD,True,2024-09-22 06:21:29.935842514
P00289,Product_289,Electronics,189.36,USD,True,2024-10-28 11:32:06.806789398
P00290,Product_290,Furniture,604.45,USD,True,2022-03-12 10:18:33.067898512
P00291,Product_291,Books,529.31,USD,True,2023-03-17 14:17:52.004930258
P00292,Product_292,Furniture,1160.4,USD,True,2022-01-26 16:30:11.126995087
P00293,Product_293,Clothing,1205.74,USD,True,2022-12-27 17:04:11.120881319
P00294,Product_294,Furniture,234.35,USD,True,2023-08-11 20:53:48.365762711
P00295,Product_295,Books,552.99,EUR,True,2024-09-24 07:41:26.785685301
P00296,Product_296,Electronics,563.16,INR,True,2024-07-15 23:26:51.339806795
P00297,Product_297,Electronics,231.36,INR,True,2022-05-20 14:41:34.140983343
P00298,Product_298,Electronics,1198.69,INR,True,2022-04-12 20:50:17.693486691
P00299,Product_299,Furniture,1062.31,USD,True,2023-10-08 05:56:44.385090828
P00300,Product_300,Electronics,289.62,USD,True,2023-08-06 16:03:37.138380527
P00301,Product_301,Furniture,553.25,USD,True,2022-10-19 16:24:15.900411606
P00302,Product_302,Furniture,163.18,EUR,True,2024-09-11 21:37:37.423469305
P00303,Product_303,Electronics,944.17,INR,True,2024-10-12 11:11:21.266338587
P00304,Product_304,Clothing,186.45,EUR,True,2023-03-17 20:37:42.958486080
P00305,Product_305,Books,1478.97,USD,True,2024-09-01 21:09:04.323395967
P00306,Product_306,Electronics,1172.12,INR,True,2023-02-25 10:10:36.988431215
P00307,Product_307,Clothing,588.41,USD,True,2024-03-17 19:32:46.825744152
P00308,Product_308,Clothing,869.95,USD,True,2023-06-06 03:45:41.317754984
P00309,Product_309,Furniture,1367.46,USD,True,2022-05-15 05:29:07.270831585
P00310,Product_310,Books,833.38,USD,True,2024-10-13 02:06:38.910632133
P00311,Product_311,Furniture,265.88,USD,True,2023-05-13 05:39:30.506262063
P00312,Product_312,Clothing,571.16,USD,True,2024-03-15 06:19:09.910821915
P00313,Product_313,Electronics,1265.5,USD,True,2023-02-07 01:19:40.235715628
P00314,Product_314,Clothing,968.1,USD,True,2022-01-21 16:11:22.160340309
P00315,Product_315,Clothing,977.83,EUR,True,2022-04-21 01:56:16.175117254
P00316,Product_316,Electronics,1300.9,USD,True,2023-06-28 08:38:52.515582800
P00317,Product_317,Furniture,1341.49,USD,True,2024-01-26 12:15:47.899010897
P00318,Product_318,,1380.09,EUR,True,2023-01-02 12:50:39.777012348
P00319,Product_319,Furniture,146.8,INR,True,2024-02-01 13:26:12.145879030
P00320,Product_320,Clothing,818.47,USD,True,2024-02-05 00:08:35.844978571
P00321,Product_321,,1112.06,USD,True,2024-02-10 19:26:08.320471525
P00322,Product_322,Books,1136.61,USD,True,2023-06-24 07:28:27.565172195
P00323,Product_323,Clothing,912.04,USD,True,2024-09-28 19:12:28.890695333
P00324,Product_324,Books,254.35,USD,True,2023-06-20 16:05:04.173110008
P00325,Product_325,Books,1197.14,EUR,True,2023-05-09 00:58:09.426329851
P00326,Product_326,Furniture,1081.57,USD,True,2022-08-07 07:43:40.524957417
P00327,Product_327,Furniture,133.77,EUR,True,2022-12-03 21:10:32.504608393
P00328,Product_328,Furniture,698.4,EUR,False,2022-02-16 08:33:01.668171644
P00329,Product_329,,265.1,INR,False,2023-11-25 17:18:27.058438540
P00330,Product_330,Clothing,509.53,USD,True,2022-09-30 03:31:09.661454439
P00331,Product_331,Electronics,32.03,INR,True,2022-11-30 01:12:00.316360950
P00332,Product_332,Books,603.49,USD,True,2024-04-24 01:00:20.265618085
P00333,Product_333,Furniture,827.07,USD,True,2022-12-25 07:22:21.696538925
P00334,Product_334,Electronics,931.28,USD,True,2022-09-23 04:54:28.951579332
P00335,Product_335,Clothing,996.92,USD,False,2022-07-05 02:50:15.530041695
P00336,Product_336,Furniture,1255.26,EUR,True,2024-04-28 11:16:43.713630438
P00337,Product_337,Books,327.12,USD,True,2022-05-23 00:40:49.655920506
P00338,Product_338,Electronics,185.12,USD,True,2023-05-12 20:38:55.749765396
P00339,Product_339,Books,1278.05,USD,True,2023-07-10 02:07:24.421831131
P00340,Product_340,Clothing,239.14,USD,True,2024-01-23 16:36:24.859369993
P00341,Product_341,Electronics,1462.27,USD,True,2023-11-25 10:41:23.696560144
P00342,Product_342,,1264.59,EUR,True,2024-06-06 17:44:21.425997019
P00343,Product_343,Clothing,753.81,USD,True,2022-02-19 00:04:03.660893440
P00344,Product_344,Electronics,1472.23,USD,True,2022-11-21 14:27:44.089929104
P00345,Product_345,Furniture,150.58,USD,True,2022-11-03 17:55:28.709101200
P00346,Product_346,Books,458.08,USD,True,2022-06-09 21:19:27.404258251
P00347,Product_347,Furniture,959.15,USD,True,2022-11-13 15:36:16.240850449
P00348,Product_348,Electronics,528.26,USD,True,2022-12-06 04:37:56.840431690
P00349,Product_349,Electronics,1392.92,INR,True,2023-07-26 11:07:25.174034834
P00350,Product_350,Electronics,103.11,USD,True,2023-12-28 18:09:13.342255116
P00351,Product_351,Books,826.37,USD,True,2023-02-22 07:19:17.391786575
P00352,Product_352,Furniture,888.35,USD,True,2024-02-27 19:40:39.644096375
P00353,Product_353,Electronics,980.83,EUR,True,2023-01-04 02:25:30.352336884
P00354,Product_354,Electronics,387.22,USD,True,2022-11-14 20:39:18.143394947
P00355,Product_355,Furniture,550.03,USD,True,2023-08-16 14:25:19.588521481
P00356,Product_356,,1266.3,EUR,True,2022-01-26 23:15:57.415810347
P00357,Product_357,Furniture,296.44,USD,True,2022-03-29 08:51:29.408765554
P00358,Product_358,,1241.17,USD,True,2023-04-03 16:14:22.579634190
P00359,Product_359,Furniture,846.17,USD,False,2024-10-29 11:44:45.799351215
P00360,Product_360,Electronics,1144.47,USD,True,2024-03-01 01:19:46.467426538
P00361,Product_361,Books,1071.84,USD,True,2022-04-07 11:57:58.487308741
P00362,Product_362,Furniture,315.23,USD,True,2024-07-15 17:14:14.553172827
P00363,Product_363,Books,855.38,USD,True,2024-03-12 20:51:51.305698872
P00364,Product_364,,1302.25,USD,True,2023-10-31 23:40:28.903676510
P00365,Product_365,Electronics,651.01,USD,True,2024-06-17 05:17:56.417313099
P00366,Product_366,Electronics,1450.05,INR,True,2023-03-19 12:00:24.475265741
P00367,Product_367,Books,681.06,EUR,True,2022-08-31 13:02:51.419181347
P00368,Product_368,Electronics,218.46,EUR,False,2023-07-15 15:58:28.796801567
P00369,Product_369,Electronics,587.2,USD,True,2023-08-24 23:33:40.813187361
P00370,Product_370,Electronics,1427.8,USD,True,2023-08-13 11:13:01.403113842
P00371,Product_371,Electronics,482.98,USD,True,2023-09-11 18:08:21.264349699
P00372,Product_372,Books,1302.81,USD,True,2024-11-04 19:57:54.904772520
P00373,Product_373,Electronics,1322.47,INR,True,2024-09-14 23:00:53.909888268
P00374,Product_374,Furniture,528.53,USD,True,2024-08-16 21:50:37.394768238
P00375,Product_375,Clothing,129.47,USD,True,2024-05-27 13:14:01.646443367
P00376,Product_376,Furniture,1088.21,USD,True,2024-10-30 01:17:26.372154236
P00377,Product_377,Electronics,470.71,USD,True,2022-04-18 20:26:21.060004950
P00378,Product_378,Books,1175.47,USD,True,2022-10-18 07:26:21.518858433
P00379,Product_379,Electronics,666.77,USD,True,2023-06-27 02:04:12.906488895
P00380,Product_380,Books,730.47,USD,True,2024-07-15 22:55:35.325419188
P00381,Product_381,Books,1167.97,EUR,True,2023-07-08 03:45:17.635742664
P00382,Product_382,Furniture,576.63,USD,True,2024-03-30 02:21:10.619628906
P00383,Product_383,Clothing,667.48,INR,True,2022-06-02 03:51:58.715789557
P00384,Product_384,Furniture,567.4,EUR,True,2022-10-04 09:26:06.018086433
P00385,Product_385,Furniture,554.17,USD,True,2024-03-12 07:04:32.799324036
P00386,Product_386,Books,791.29,EUR,True,2022-06-30 09:12:35.112849712
P00387,Product_387,Books,1214.16,USD,True,2023-01-20 17:38:02.265833378
P00388,Product_388,Furniture,545.84,INR,True,2022-10-18 00:41:06.919226408
P00389,Product_389,Clothing,788.76,USD,True,2023-01-19 02:21:55.167000294
P00390,Product_390,,1007.74,USD,True,2024-02-15 14:45:21.635168552
P00391,Product_391,,407.81,USD,True,2023-02-07 19:01:26.113558054
P00392,Product_392,Clothing,419.9,USD,True,2023-09-01 00:19:12.425292015
P00393,Product_393,Furniture,1400.45,INR,True,2022-04-20 10:12:35.024363518
P00394,Product_394,Electronics,1086.68,USD,True,2024-05-31 11:51:53.921541691
P00395,Product_395,,867.89,USD,True,2023-02-10 00:40:23.095317841
P00396,Product_396,Electronics,973.34,USD,True,2023-12-12 03:28:39.717826366
P00397,Product_397,Clothing,48.8,INR,True,2024-03-05 07:14:19.434022665
P00398,Product_398,Electronics,929.06,USD,True,2022-08-18 13:53:20.519143820
P00399,Product_399,Electronics,766.72,USD,True,2024-08-26 17:15:30.976466656
P00400,Product_400,Furniture,820.9,USD,True,2023-11-06 18:22:23.996030569
P00401,Product_401,,542.34,EUR,True,2023-04-15 10:53:48.210824251
P00402,Product_402,Electronics,126.8,USD,True,2022-07-19 15:46:07.047968149
P00403,Product_403,Clothing,294.04,USD,True,2024-10-28 19:40:07.132957458
P00404,Product_404,Electronics,1426.36,USD,True,2024-04-06 19:11:32.656484842
P00405,Product_405,Electronics,616.01,EUR,True,2022-08-16 18:53:07.831067324
P00406,Product_406,Furniture,702.69,USD,True,2023-01-05 19:02:20.975109339
P00407,Product_407,Clothing,83.8,USD,True,2024-06-05 14:14:22.209196329
P00408,Product_408,Electronics,61.16,USD,True,2024-02-01 18:24:32.361476898
P00409,Product_409,Furniture,1077.19,EUR,True,2024-04-18 12:48:40.365249157
P00410,Product_410,Electronics,809.45,INR,True,2023-04-29 02:45:53.878161192
P00411,Product_411,Furniture,765.52,USD,True,2024-02-24 12:59:46.256050110
P00412,Product_412,,368.47,USD,True,2023-02-28 05:03:18.132709026
P00413,Product_413,,1118.4,USD,True,2022-08-20 07:59:22.045688868
P00414,Product_414,Furniture,256.51,USD,False,2023-11-24 18:45:08.912271500
P00415,Product_415,Clothing,288.95,USD,True,2024-12-04 17:38:45.473050594
P00416,Product_416,,693.76,USD,True,2022-12-07 02:35:36.701769352
P00417,Product_417,Electronics,432.99,USD,True,2023-05-20 18:16:51.180043936
P00418,Product_418,Books,374.96,INR,True,2024-01-09 00:45:21.714176655
P00419,Product_419,,969.63,USD,True,2023-08-16 22:47:06.339044333
P00420,Product_420,Electronics,978.2,USD,True,2024-07-12 13:16:56.896441698
P00421,Product_421,Electronics,1237.65,USD,True,2024-04-14 02:35:53.973667860
P00422,Product_422,,629.47,USD,False,2022-03-05 20:03:01.863009930
P00423,Product_423,Clothing,114.26,USD,True,2024-12-29 06:30:36.099060535
P00424,Product_424,Electronics,414.13,USD,True,2024-04-03 21:08:11.341491461
P00425,Product_425,Electronics,1470.11,USD,True,2024-08-03 23:22:44.947953463
P00426,Product_426,Furniture,896.41,EUR,True,2023-12-15 01:28:33.145916462
P00427,Product_427,Clothing,1066.06,INR,True,2024-07-26 15:10:23.394248009
P00428,Product_428,Books,16.0,USD,True,2022-05-04 01:25:28.492055416
P00429,Product_429,,779.72,USD,True,2023-01-16 18:33:01.146595716
P00430,Product_430,Electronics,61.11,USD,True,2024-08-17 16:20:32.632533789
P00431,Product_431,Clothing,856.0,USD,True,2022-08-09 19:29:56.227538109
P00432,Product_432,Clothing,1381.55,USD,True,2022-03-27 16:12:08.462458849
P00433,Product_433,Furniture,1452.79,EUR,True,2024-05-12 23:45:56.670337200
P00434,Product_434,Electronics,813.13,INR,True,2024-07-03 20:34:34.213100910
P00435,Product_435,,690.02,INR,True,2022-06-28 02:30:01.058510065
P00436,Product_436,Books,1417.8,USD,True,2024-07-24 12:12:44.739107132
P00437,Product_437,Furniture,1012.05,EUR,True,2024-01-23 00:15:27.605857134
P00438,Product_438,Clothing,102.02,EUR,True,2023-07-24 11:46:22.493754625
P00439,Product_439,Electronics,701.26,USD,True,2024-06-28 02:58:30.238661289
P00440,Product_440,Clothing,364.17,USD,True,2023-04-05 01:52:12.979568720
P00441,Product_441,Clothing,707.36,EUR,True,2022-08-01 10:09:40.210383177
P00442,Product_442,Clothing,685.92,USD,True,2022-11-08 21:55:42.028776884
P00443,Product_443,,875.31,USD,True,2023-07-08 03:42:37.442693949
P00444,Product_444,Clothing,538.37,USD,True,2023-08-05 19:22:23.633223772
P00445,Product_445,Furniture,250.58,USD,True,2024-06-01 02:39:50.827952147
P00446,Product_446,Books,758.06,USD,True,2024-05-16 12:44:58.479300022
P00447,Product_447,Electronics,1246.15,INR,True,2023-09-29 14:18:47.244010448
P00448,Product_448,Furniture,997.7,USD,True,2024-05-04 23:02:33.010241032
P00449,Product_449,Furniture,510.86,USD,True,2022-07-29 23:48:23.342247725
P00450,Product_450,Furniture,1403.61,USD,True,2022-02-24 19:41:44.779242277
P00451,Product_451,Books,1368.75,USD,True,2024-08-14 15:05:48.691823721
P00452,Product_452,Furniture,317.98,USD,True,2022-03-24 17:34:19.545908213
P00453,Product_453,Books,63.93,USD,True,2022-09-28 02:58:18.961220026
P00454,Product_454,Clothing,1113.26,USD,True,2024-02-01 08:58:55.186063766
P00455,Product_455,Furniture,1242.28,USD,True,2023-03-25 08:17:30.483044386
P00456,Product_456,Books,1451.96,USD,True,2024-08-17 13:31:52.065766334
P00457,Product_457,Electronics,1335.31,USD,True,2022-11-23 06:54:32.413408041
P00458,Product_458,Electronics,902.8,USD,True,2022-01-13 23:58:44.365694761
P00459,Product_459,Clothing,797.43,USD,True,2022-11-26 05:13:48.842170954
P00460,Product_460,Electronics,46.62,INR,True,2023-09-25 23:48:44.253278494
P00461,Product_461,Electronics,373.75,USD,True,2023-02-16 15:39:37.820154667
P00462,Product_462,Clothing,692.12,USD,True,2023-08-09 16:27:21.676824331
P00463,Product_463,Clothing,944.61,USD,True,2024-08-17 20:59:54.826743364
P00464,Product_464,Furniture,838.09,USD,False,2024-09-26 04:06:26.010626793
P00465,Product_465,,1115.24,INR,True,2022-10-19 05:47:54.308796167
P00466,Product_466,Clothing,423.25,USD,True,2023-05-22 01:03:05.895118713
P00467,Product_467,Books,849.6,USD,True,2023-08-25 07:30:16.993963242
P00468,Product_468,Electronics,136.77,USD,True,2024-11-05 06:40:31.321283340
P00469,Product_469,Clothing,623.43,USD,True,2024-12-29 11:39:47.331504107
P00470,Product_470,Books,1126.49,EUR,False,2022-09-15 18:30:08.998399258
P00471,Product_471,Clothing,1041.63,USD,True,2024-03-07 01:01:51.668284893
P00472,Product_472,Books,1486.01,USD,True,2023-02-18 22:39:22.735758066
P00473,Product_473,Furniture,420.45,USD,True,2022-01-09 21:05:00.291010857
P00474,Product_474,Electronics,749.79,USD,True,2022-01-11 03:09:22.642615795
P00475,Product_475,Furniture,497.65,EUR,True,2023-05-20 07:40:28.843449831
P00476,Product_476,Furniture,663.7,USD,True,2023-06-19 17:26:29.449514151
P00477,Product_477,Books,1286.14,USD,False,2022-01-25 17:07:53.853420258
P00478,Product_478,Electronics,1027.89,USD,True,2024-01-23 04:27:09.046183109
P00479,Product_479,,1324.25,USD,False,2022-11-18 22:24:32.588191271
P00480,Product_480,,309.25,USD,True,2023-09-06 01:59:26.550113201
P00481,Product_481,Electronics,1310.67,USD,True,2022-11-26 12:09:11.674033880
P00482,Product_482,Furniture,94.34,USD,True,2022-07-03 00:17:23.261155367
P00483,Product_483,Books,1333.46,USD,True,2023-03-22 20:31:33.061362505
P00484,Product_484,,496.97,USD,True,2022-09-12 08:08:38.496099710
P00485,Product_485,Furniture,475.31,INR,True,2023-08-09 14:34:10.824368715
P00486,Product_486,Furniture,770.57,USD,True,2022-08-06 17:12:49.593343258
P00487,Product_487,Clothing,1411.33,USD,True,2023-07-11 16:54:32.638394833
P00488,Product_488,Clothing,76.43,USD,True,2022-06-22 07:54:26.534713745
P00489,Product_489,Electronics,531.59,USD,False,2024-01-05 17:12:55.315031052
P00490,Product_490,Books,1285.58,USD,True,2024-04-05 13:28:56.449634314
P00491,Product_491,Electronics,597.1,EUR,True,2022-05-01 21:09:37.713917732
P00492,Product_492,Electronics,302.74,USD,True,2023-05-28 05:50:50.598028660
P00493,Product_493,Furniture,640.07,USD,True,2022-03-19 14:30:29.855556250
P00494,Product_494,Furniture,581.4,USD,True,2023-10-18 00:14:04.807837725
P00495,Product_495,Furniture,1373.55,USD,True,2022-10-17 12:32:41.818527937
P00496,Product_496,Furniture,1144.09,USD,True,2023-08-01 17:58:14.612596512
P00497,Product_497,Furniture,760.15,EUR,True,2023-07-21 14:52:31.175828934
P00498,Product_498,Electronics,1482.61,USD,True,2024-10-09 04:01:55.984703064
P00499,Product_499,Furniture,700.59,USD,True,2023-08-25 05:54:25.520781755
P00500,Product_500,,92.07,USD,True,2023-10-01 09:12:00.169190407
P00501,Product_501,Furniture,397.1,USD,True,2023-03-16 19:26:38.922316551
P00502,Product_502,Furniture,656.93,USD,True,2024-11-05 05:48:43.097919941
P00503,Product_503,Clothing,239.57,USD,True,2024-05-01 00:26:44.520262480
P00504,Product_504,,1421.61,USD,True,2022-11-09 12:27:03.704971313
P00505,Product_505,Electronics,1151.44,USD,False,2024-07-13 09:49:40.491117716
P00506,Product_506,Clothing,406.09,USD,True,2023-04-19 11:22:34.844391108
P00507,Product_507,Books,888.25,USD,True,2024-06-26 09:22:21.115426302
P00508,Product_508,Clothing,1083.57,USD,True,2024-06-20 01:29:54.365111589
P00509,Product_509,Electronics,1412.21,USD,True,2022-07-26 19:30:30.629260063
P00510,Product_510,Clothing,1323.04,USD,True,2024-02-07 17:59:20.157937527
P00511,Product_511,Electronics,775.21,USD,True,2022-11-15 06:05:50.040152311
P00512,Product_512,Clothing,1163.11,USD,False,2022-11-22 18:06:26.522666454
P00513,Product_513,Books,845.41,EUR,True,2022-11-21 12:01:38.857517958
P00514,Product_514,Electronics,831.29,USD,True,2024-03-05 11:56:00.765151501
P00515,Product_515,Books,176.54,USD,True,2022-09-09 15:49:42.161908150
P00516,Product_516,Electronics,193.58,USD,True,2022-01-01 23:48:19.260962009
P00517,Product_517,Books,796.65,USD,True,2024-02-23 04:25:28.234284878
P00518,Product_518,Furniture,406.95,USD,True,2022-07-07 10:44:06.244753599
P00519,Product_519,Electronics,36.45,USD,True,2022-04-25 09:47:50.455283642
P00520,Product_520,Electronics,1085.64,USD,True,2022-09-18 01:55:25.137162924
P00521,Product_521,,53.57,USD,True,2023-02-20 23:47:08.615906477
P00522,Product_522,Electronics,894.94,USD,True,2023-06-06 02:49:05.829584599
P00523,Product_523,Electronics,811.09,EUR,True,2022-02-18 19:18:02.411740541
P00524,Product_524,Furniture,1453.38,USD,True,2024-11-28 18:40:01.853209257
P00525,Product_525,Clothing,728.9,USD,True,2024-02-24 02:08:13.357917547
P00526,Product_526,Clothing,100.08,USD,True,2022-12-20 21:32:24.132204771
P00527,Product_527,Electronics,829.77,USD,True,2022-12-15 23:21:50.117256880
P00528,Product_528,Electronics,1262.44,USD,True,2023-05-07 03:41:53.510651112
P00529,Product_529,Electronics,1495.29,USD,True,2023-11-17 17:42:50.191965103
P00530,Product_530,Electronics,648.36,USD,True,2022-06-10 06:41:03.083848953
P00531,Product_531,Furniture,483.85,USD,True,2022-07-26 21:04:31.820674658
P00532,Product_532,Books,1360.45,EUR,False,2024-07-30 01:56:27.012716532
P00533,Product_533,Electronics,290.91,INR,True,2022-10-08 14:22:45.839297295
P00534,Product_534,Furniture,925.07,USD,True,2023-02-21 07:31:28.368435621
P00535,Product_535,Furniture,611.54,USD,True,2024-08-12 01:01:27.274688721
P00536,Product_536,,66.42,USD,False,2023-12-28 03:31:29.843858480
P00537,Product_537,,524.2,USD,True,2023-01-10 04:11:17.480758429
P00538,Product_538,Books,401.52,USD,False,2024-01-19 15:37:26.621914864
P00539,Product_539,Electronics,1030.71,USD,True,2022-01-22 13:16:29.640804768
P00540,Product_540,Electronics,1423.44,INR,True,2024-03-16 12:41:20.778355122
P00541,Product_541,Furniture,405.73,USD,True,2023-06-18 06:46:53.561160326
P00542,Product_542,Electronics,1218.14,USD,False,2024-06-09 10:25:36.590288401
P00543,Product_543,Clothing,87.76,USD,True,2024-11-11 07:52:38.981028080
P00544,Product_544,Books,809.49,EUR,True,2024-10-10 17:43:23.090582132
P00545,Product_545,Books,110.47,USD,True,2024-09-22 15:29:07.231222868
P00546,Product_546,Books,1401.38,USD,True,2023-07-15 19:49:35.190993309
P00547,Product_547,Furniture,1150.7,USD,True,2023-01-30 08:32:05.134456635
P00548,Product_548,Clothing,988.64,EUR,True,2023-05-25 05:07:42.002119541
P00549,Product_549,Furniture,1236.73,USD,True,2024-01-26 10:28:01.081470490
P00550,Product_550,Electronics,973.04,EUR,True,2024-08-25 23:27:41.674229145
P00551,Product_551,Books,1453.57,USD,True,2022-08-15 15:36:00.154235363
P00552,Product_552,Electronics,1072.37,USD,True,2024-10-02 10:06:58.335744858
P00553,Product_553,Furniture,1387.36,USD,True,2024-06-11 14:56:11.386207342
P00554,Product_554,Furniture,778.11,USD,True,2024-12-07 20:20:09.883982420
P00555,Product_555,Clothing,180.01,USD,True,2024-08-21 21:00:59.766633749
P00556,Product_556,Books,794.63,EUR,True,2022-11-03 12:45:10.887491941
P00557,Product_557,Furniture,194.67,USD,False,2022-04-27 00:31:16.860437632
P00558,Product_558,Books,890.78,USD,True,2022-05-03 21:41:43.338980198
P00559,Product_559,Electronics,726.33,USD,True,2022-11-15 21:20:55.724053621
P00560,Product_560,Furniture,935.75,USD,False,2023-11-04 12:44:53.758729219
P00561,Product_561,Books,20.02,USD,False,2024-05-30 17:32:17.411401272
P00562,Product_562,Clothing,296.29,USD,True,2024-09-11 16:17:53.042911768
P00563,Product_563,,739.54,USD,True,2023-11-15 00:14:20.188404322
P00564,Product_564,Electronics,1426.0,USD,True,2022-01-07 03:59:27.236467838
P00565,Product_565,Clothing,578.5,INR,True,2022-07-24 00:24:17.592865467
P00566,Product_566,Clothing,639.44,USD,True,2022-04-20 04:48:16.694159508
P00567,Product_567,,1073.47,EUR,True,2023-02-02 20:10:01.984632969
P00568,Product_568,Electronics,907.67,USD,True,2023-07-03 23:30:14.805701494
P00569,Product_569,Books,451.89,USD,True,2022-02-17 12:28:40.270960569
P00570,Product_570,Clothing,619.17,USD,True,2023-01-17 14:00:04.334075451
P00571,Product_571,Electronics,330.46,USD,False,2022-07-16 04:50:30.656952620
P00572,Product_572,Furniture,1449.2,EUR,True,2023-12-10 13:00:14.289419651
P00573,Product_573,Furniture,200.3,USD,False,2023-05-24 09:04:40.317037106
P00574,Product_574,Clothing,560.9,USD,False,2023-06-27 08:56:51.941123247
P00575,Product_575,Books,43.63,EUR,True,2023-04-14 07:44:24.682269573
P00576,Product_576,Clothing,336.56,USD,True,2024-11-12 20:11:52.769713163
P00577,Product_577,Clothing,1171.8,USD,True,2022-08-24 03:14:20.717500925
P00578,Product_578,Clothing,305.76,USD,True,2023-07-20 17:56:12.295309305
P00579,Product_579,Electronics,124.69,EUR,True,2024-03-16 22:32:11.186307669
P00580,Product_580,Electronics,714.31,USD,True,2023-09-02 17:52:16.237834692
P00581,Product_581,Furniture,19.9,USD,False,2024-10-14 06:40:07.955895185
P00582,Product_582,Furniture,131.73,USD,True,2023-02-18 21:00:30.190510511
P00583,Product_583,Electronics,1212.4,INR,True,2023-05-23 17:24:00.632588863
P00584,Product_584,Clothing,1158.35,USD,True,2022-04-07 22:21:59.197834969
P00585,Product_585,Furniture,1373.13,USD,True,2023-10-29 20:29:47.898400784
P00586,Product_586,Electronics,1282.5,USD,True,2022-11-12 14:12:37.910938501
P00587,Product_587,Furniture,1026.35,INR,True,2022-06-25 12:55:17.610488892
P00588,Product_588,Electronics,83.24,EUR,True,2023-08-20 06:16:56.559109688
P00589,Product_589,,1175.36,INR,True,2023-08-06 21:06:49.397846699
P00590,Product_590,Books,1269.04,USD,True,2022-03-25 01:54:24.232924700
P00591,Product_591,Books,1199.63,USD,True,2024-02-04 13:06:07.624205112
P00592,Product_592,Electronics,765.18,USD,True,2023-11-15 00:43:59.413095951
P00593,Product_593,Books,353.19,EUR,True,2022-07-26 23:22:27.086080551
P00594,Product_594,Books,1268.77,USD,False,2023-05-30 00:44:53.438669682
P00595,Product_595,Books,1092.11,USD,False,2024-02-28 18:05:10.482203484
P00596,Product_596,Electronics,1471.24,EUR,True,2023-08-03 17:34:16.541129112
P00597,Product_597,Clothing,237.76,USD,True,2023-03-10 01:27:10.519575119
P00598,Product_598,Books,342.37,USD,True,2022-12-19 23:03:16.842121840
P00599,Product_599,Clothing,321.64,USD,True,2023-10-31 09:09:02.935460567
P00600,Product_600,Clothing,1189.85,USD,True,2024-10-25 07:46:35.729735136
P00601,Product_601,Furniture,284.43,EUR,True,2024-01-06 13:27:15.867893696
P00602,Product_602,Clothing,104.66,USD,True,2022-03-23 20:19:20.451224566
P00603,Product_603,Electronics,1497.85,USD,True,2023-05-20 10:48:03.971197605
P00604,Product_604,Clothing,42.1,USD,True,2024-09-02 10:51:29.433957577
P00605,Product_605,Electronics,1253.69,USD,True,2022-04-14 10:28:21.180189133
P00606,Product_606,Furniture,551.22,USD,True,2024-12-18 19:39:13.373908758
P00607,Product_607,Electronics,1263.22,USD,True,2024-11-05 05:32:37.194005966
P00608,Product_608,Clothing,834.16,USD,True,2022-03-27 17:03:12.072892189
P00609,Product_609,Electronics,1352.94,USD,True,2024-10-19 02:06:07.421091557
P00610,Product_610,Clothing,1389.66,USD,True,2023-02-02 15:07:28.099267244
P00611,Product_611,Books,18.6,USD,True,2024-07-13 22:57:24.878713131
P00612,Product_612,Electronics,117.74,EUR,True,2023-04-04 03:06:50.814377308
P00613,Product_613,Electronics,379.29,EUR,True,2023-04-28 17:40:20.502559662
P00614,Product_614,Electronics,1005.63,EUR,True,2023-11-26 11:54:30.351203442
P00615,Product_615,Books,1332.97,USD,True,2024-04-28 01:15:59.682862282
P00616,Product_616,Clothing,692.61,USD,True,2022-02-06 23:58:43.992911816
P00617,Product_617,Furniture,912.42,USD,True,2023-10-12 12:08:22.424831152
P00618,Product_618,Electronics,286.81,USD,True,2022-07-24 11:20:35.105564117
P00619,Product_619,Clothing,1208.43,USD,True,2023-01-14 19:33:11.986001968
P00620,Product_620,Books,1451.16,USD,True,2023-01-17 00:36:59.567612648
P00621,Product_621,Books,406.56,INR,True,2023-05-29 14:54:20.667642832
P00622,Product_622,Clothing,744.76,USD,True,2023-01-01 21:06:17.654781103
P00623,Product_623,Electronics,133.74,USD,True,2022-04-28 13:27:00.694380760
P00624,Product_624,Electronics,840.91,EUR,True,2022-06-09 11:07:23.694415808
P00625,Product_625,Electronics,756.66,USD,True,2022-02-06 14:45:00.937964439
P00626,Product_626,Electronics,220.93,EUR,True,2023-05-30 22:08:45.464782715
P00627,Product_627,Electronics,665.89,EUR,True,2024-11-11 02:53:07.514651537
P00628,Product_628,Electronics,504.49,INR,True,2022-05-07 15:56:41.558901072
P00629,Product_629,Furniture,785.14,USD,True,2024-11-02 03:49:51.154035568
P00630,Product_630,,880.55,USD,True,2024-03-14 00:44:26.185773849
P00631,Product_631,Clothing,17.7,USD,True,2023-11-30 01:28:06.747995377
P00632,Product_632,Books,1142.7,USD,True,2023-12-08 13:53:57.875651598
P00633,Product_633,Books,1070.96,USD,True,2024-06-24 06:24:09.359475374
P00634,Product_634,Electronics,552.6,USD,True,2022-04-28 01:51:14.529246091
P00635,Product_635,Books,84.14,USD,True,2023-07-07 16:56:37.043888807
P00636,Product_636,Electronics,1133.62,USD,True,2024-02-03 07:33:18.408573866
P00637,Product_637,Clothing,1432.99,EUR,True,2023-10-05 13:38:28.667519808
P00638,Product_638,Furniture,364.03,EUR,True,2024-06-30 21:26:02.351371765
P00639,Product_639,,488.67,USD,True,2022-03-21 03:18:01.846145868
P00640,Product_640,Electronics,279.8,USD,True,2024-01-27 07:37:23.944936991
P00641,Product_641,Electronics,867.52,EUR,True,2023-08-08 18:14:55.516237258
P00642,Product_642,,236.49,USD,True,2023-02-20 04:20:51.019414425
P00643,Product_643,Electronics,537.51,EUR,True,2023-01-08 14:25:35.519197225
P00644,Product_644,Clothing,1047.03,INR,True,2023-11-11 19:28:53.721500874
P00645,Product_645,Books,842.37,USD,True,2024-09-02 15:21:30.404344559
P00646,Product_646,Books,582.76,EUR,True,2023-06-28 07:30:12.016574383
P00647,Product_647,,633.27,USD,True,2024-06-22 01:43:29.106989384
P00648,Product_648,,845.36,USD,True,2023-03-17 08:40:10.973494053
P00649,Product_649,Electronics,13.77,USD,True,2022-04-23 02:55:35.335936785
P00650,Product_650,Books,122.37,USD,True,2022-03-09 08:22:14.714878798
P00651,Product_651,Clothing,1322.48,EUR,True,2022-02-26 05:04:02.202190399
P00652,Product_652,Clothing,121.43,USD,True,2023-02-21 06:20:44.630331278
P00653,Product_653,Electronics,1061.67,USD,True,2023-01-05 06:36:29.131077290
P00654,Product_654,Clothing,1380.46,USD,True,2024-02-26 03:23:05.930884123
P00655,Product_655,,409.67,EUR,True,2024-03-24 09:20:56.621941090
P00656,Product_656,,558.88,INR,True,2022-02-25 16:26:32.283422470
P00657,Product_657,Furniture,855.54,EUR,True,2022-08-31 03:07:09.655403852
P00658,Product_658,Electronics,1323.15,USD,True,2022-10-28 07:36:05.119833231
P00659,Product_659,Furniture,1413.15,USD,True,2023-08-23 15:14:34.595782995
P00660,Product_660,Books,1110.65,USD,True,2022-06-08 05:51:36.303388834
P00661,Product_661,Books,134.5,USD,True,2022-05-27 15:58:30.884995222
P00662,Product_662,Furniture,1005.39,USD,True,2024-10-30 10:46:19.230186462
P00663,Product_663,Electronics,618.4,USD,True,2024-05-30 14:27:08.653628349
P00664,Product_664,Furniture,708.7,USD,True,2022-07-17 19:36:38.977041483
P00665,Product_665,Furniture,78.48,EUR,True,2023-03-22 04:36:07.170322657
P00666,Product_666,,290.64,USD,True,2023-01-25 09:44:46.105759859
P00667,Product_667,Clothing,1186.82,USD,True,2024-05-16 03:35:13.439180136
P00668,Product_668,Furniture,683.67,USD,True,2023-07-13 16:23:43.602162123
P00669,Product_669,Clothing,455.99,EUR,True,2022-05-20 23:53:27.917477846
P00670,Product_670,Electronics,579.11,EUR,True,2024-03-20 04:42:41.111085892
P00671,Product_671,,1282.33,EUR,True,2023-03-11 14:12:57.843903065
P00672,Product_672,Furniture,1124.75,USD,True,2022-10-15 21:38:57.219982147
P00673,Product_673,Furniture,412.11,INR,True,2023-02-16 04:06:13.632136345
P00674,Product_674,Furniture,180.67,USD,True,2023-06-30 01:02:32.969721317
P00675,Product_675,Clothing,381.74,USD,True,2023-01-11 17:04:32.777180433
P00676,Product_676,Clothing,1381.53,INR,True,2022-09-22 21:17:01.333360910
P00677,Product_677,Books,874.48,USD,True,2023-03-13 08:37:59.941087008
P00678,Product_678,Electronics,802.55,USD,True,2022-01-21 23:51:50.740226269
P00679,Product_679,Furniture,896.61,USD,True,2024-04-25 21:14:36.223479986
P00680,Product_680,Electronics,552.21,USD,True,2022-07-07 04:25:54.490642071
P00681,Product_681,Clothing,1211.62,INR,True,2022-02-18 01:48:47.686367273
P00682,Product_682,Electronics,787.31,USD,True,2023-12-17 19:12:05.938363791
P00683,Product_683,Clothing,179.54,USD,True,2024-04-27 11:02:29.275749922
P00684,Product_684,Books,197.95,USD,True,2024-06-10 03:25:46.481735706
P00685,Product_685,Books,807.6,USD,True,2023-06-25 09:25:16.753154039
P00686,Product_686,Furniture,1405.17,USD,True,2022-08-13 21:04:33.217150211
P00687,Product_687,Furniture,465.99,USD,True,2024-03-18 06:20:36.089251518
P00688,Product_688,Electronics,1304.96,USD,True,2024-02-06 04:27:34.803417444
P00689,Product_689,Clothing,1147.32,USD,True,2022-09-27 15:59:41.612033129
P00690,Product_690,Books,375.48,INR,False,2024-09-16 05:33:20.966667175
P00691,Product_691,Electronics,59.33,USD,True,2022-04-25 06:52:54.906300306
P00692,Product_692,Furniture,157.26,USD,True,2024-12-12 01:02:48.971256256
P00693,Product_693,Books,1094.1,USD,False,2024-07-30 23:18:44.900955915
P00694,Product_694,Books,303.51,USD,False,2024-01-24 05:58:35.051484346
P00695,Product_695,Electronics,560.05,EUR,True,2024-10-24 22:20:49.430378437
P00696,Product_696,Clothing,755.04,INR,True,2024-03-01 22:20:15.012769222
P00697,Product_697,Electronics,1089.57,USD,True,2022-07-28 13:12:35.575018644
P00698,Product_698,Electronics,174.28,EUR,False,2023-04-30 03:51:47.914577007
P00699,Product_699,,612.52,USD,True,2022-03-20 07:05:58.125967264
P00700,Product_700,Books,730.18,USD,True,2023-03-03 16:11:49.407834053
P00701,Product_701,Books,813.54,USD,True,2024-03-23 01:19:38.491297722
P00702,Product_702,Electronics,1228.45,USD,True,2023-02-28 03:43:52.544862747
P00703,Product_703,Books,261.66,USD,True,2022-12-28 16:07:51.352689266
P00704,Product_704,Furniture,1212.71,EUR,True,2023-10-14 21:56:54.195255518
P00705,Product_705,Furniture,1040.85,USD,True,2024-08-13 01:32:06.079527378
P00706,Product_706,Clothing,836.03,INR,True,2022-02-22 02:29:10.680402517
P00707,Product_707,Electronics,1050.79,EUR,True,2023-02-27 02:09:46.886072636
P00708,Product_708,Books,620.97,USD,True,2022-06-23 06:34:00.101658344
P00709,Product_709,Clothing,211.9,USD,True,2024-02-01 09:54:34.953240633
P00710,Product_710,Electronics,1000.32,USD,True,2022-04-26 18:26:29.213268757
P00711,Product_711,Electronics,789.39,INR,True,2023-12-29 23:08:52.423759699
P00712,Product_712,Electronics,960.87,USD,True,2022-11-10 08:49:59.824448347
P00713,Product_713,Electronics,510.31,USD,True,2022-08-06 19:32:01.914051294
P00714,Product_714,Clothing,1360.77,USD,True,2024-10-22 07:20:42.790706158
P00715,Product_715,Books,883.12,USD,True,2022-01-21 06:49:33.156781435
P00716,Product_716,Electronics,132.68,USD,True,2023-04-25 08:47:12.138928413
P00717,Product_717,Electronics,677.46,USD,True,2022-01-24 16:21:26.502825498
P00718,Product_718,Clothing,1135.75,USD,True,2023-06-14 12:49:31.095054388
P00719,Product_719,Books,1192.23,USD,True,2023-07-03 15:31:30.318374395
P00720,Product_720,Furniture,744.42,USD,True,2022-12-19 05:17:23.093714237
P00721,Product_721,Furniture,1342.65,USD,True,2022-05-25 17:12:41.448087454
P00722,Product_722,Clothing,405.16,USD,True,2023-02-17 03:27:52.169983149
P00723,Product_723,Electronics,618.85,USD,True,2024-01-07 03:04:12.221140146
P00724,Product_724,Electronics,1348.4,USD,True,2024-05-06 17:21:42.664235115
P00725,Product_725,Books,1344.9,USD,True,2023-08-05 04:07:32.990737438
P00726,Product_726,Clothing,1030.14,USD,True,2023-10-08 20:50:52.389156342
P00727,Product_727,Clothing,1289.18,USD,True,2022-08-08 16:11:53.639361143
P00728,Product_728,Books,137.72,USD,True,2022-11-11 15:02:28.166001558
P00729,Product_729,Clothing,1298.17,USD,True,2022-06-27 06:36:59.875833511
P00730,Product_730,Electronics,484.33,USD,True,2022-09-30 23:28:54.473236322
P00731,Product_731,Furniture,271.61,EUR,True,2022-09-04 06:01:28.503576994
P00732,Product_732,Electronics,362.86,EUR,True,2023-07-23 19:06:50.782902241
P00733,Product_733,Electronics,629.86,EUR,True,2023-09-09 03:27:37.807849407
P00734,Product_734,Clothing,380.53,EUR,True,2024-10-31 17:13:05.589080811
P00735,Product_735,Books,484.25,USD,True,2022-08-03 03:35:47.780980825
P00736,Product_736,,206.79,USD,True,2023-12-04 15:14:15.586958885
P00737,Product_737,Clothing,447.78,USD,True,2024-06-13 21:34:24.920371532
P00738,Product_738,Electronics,860.56,USD,True,2023-09-06 11:08:44.405586958
P00739,Product_739,Electronics,665.57,USD,True,2022-10-07 05:29:45.555821657
P00740,Product_740,Books,523.34,EUR,True,2022-10-15 11:49:12.161732197
P00741,Product_741,Clothing,1120.95,USD,True,2022-02-12 23:34:12.844941139
P00742,Product_742,Clothing,1340.8,USD,True,2022-12-01 11:04:27.385298729
P00743,Product_743,Books,1136.4,USD,True,2024-03-26 08:11:04.863151789
P00744,Product_744,Books,501.34,USD,True,2022-02-22 00:45:59.973850250
P00745,Product_745,Books,1117.94,USD,True,2022-08-29 03:04:48.087217093
P00746,Product_746,Electronics,232.21,EUR,True,2024-02-13 07:47:24.221094847
P00747,Product_747,Books,199.83,USD,True,2024-05-07 00:04:59.055546761
P00748,Product_748,Books,521.71,EUR,False,2023-05-14 13:46:04.139138937
P00749,Product_749,Electronics,1212.52,USD,True,2024-02-04 09:23:37.014787912
P00750,Product_750,Clothing,373.29,EUR,True,2023-03-01 19:22:58.772102118
P00751,Product_751,Furniture,99.56,USD,True,2022-06-25 02:31:12.285242558
P00752,Product_752,,201.91,USD,True,2023-03-12 23:22:07.283215046
P00753,Product_753,Electronics,1288.82,USD,True,2023-09-28 01:33:15.533778906
P00754,Product_754,Clothing,952.51,EUR,True,2024-11-04 02:50:24.889538288
P00755,Product_755,Electronics,383.54,INR,True,2022-03-17 06:46:30.075205564
P00756,Product_756,Books,835.17,USD,True,2023-07-10 14:19:00.430484056
P00757,Product_757,Electronics,793.73,USD,True,2022-12-27 04:00:42.376960278
P00758,Product_758,Electronics,984.88,INR,True,2023-07-11 14:25:52.772129536
P00759,Product_759,Furniture,353.62,USD,True,2022-01-27 06:04:29.125398874
P00760,Product_760,,1297.28,USD,True,2022-12-09 18:18:22.757607222
P00761,Product_761,Electronics,467.51,USD,True,2024-06-16 18:08:05.701234818
P00762,Product_762,Electronics,1042.73,USD,True,2023-08-30 13:35:19.556519508
P00763,Product_763,Books,29.11,EUR,True,2023-05-09 09:18:28.480347157
P00764,Product_764,Clothing,562.12,EUR,True,2022-11-09 15:35:55.984844923
P00765,Product_765,,530.81,USD,True,2022-11-23 08:33:26.996244669
P00766,Product_766,Electronics,817.51,USD,True,2023-02-24 11:54:20.429137945
P00767,Product_767,Clothing,113.74,EUR,True,2024-07-03 22:47:53.728327036
P00768,Product_768,Electronics,1186.25,USD,True,2024-11-25 02:21:47.069716692
P00769,Product_769,Electronics,330.58,EUR,True,2023-04-26 07:51:48.318796158
P00770,Product_770,Clothing,1017.17,USD,True,2023-03-07 17:18:45.368248224
P00771,Product_771,Clothing,1205.8,USD,True,2024-07-15 23:21:15.798765659
P00772,Product_772,Books,845.01,INR,True,2023-04-13 11:04:18.574759483
P00773,Product_773,Furniture,1112.62,USD,True,2023-08-28 11:02:15.244546890
P00774,Product_774,Furniture,994.48,USD,False,2022-09-10 21:08:49.004358053
P00775,Product_775,Furniture,536.52,USD,True,2024-03-25 03:14:47.904986858
P00776,Product_776,,1214.24,USD,True,2023-08-06 12:39:10.814962149
P00777,Product_777,Electronics,445.58,USD,True,2024-06-04 21:25:40.729138136
P00778,Product_778,Electronics,858.96,INR,False,2024-05-04 21:39:22.122552395
P00779,Product_779,Furniture,1119.37,EUR,True,2022-08-24 10:19:31.116490841
P00780,Product_780,Clothing,571.54,USD,True,2024-02-23 14:54:08.167168856
P00781,Product_781,Electronics,457.64,USD,True,2024-05-26 01:25:47.427463293
P00782,Product_782,,691.72,USD,True,2023-01-14 23:41:53.835940838
P00783,Product_783,Electronics,1227.86,USD,True,2022-07-09 00:10:02.953458309
P00784,Product_784,Books,1395.23,USD,True,2022-01-03 21:10:22.975073576
P00785,Product_785,Electronics,819.9,EUR,True,2023-05-09 17:44:52.811836481
P00786,Product_786,Clothing,993.89,USD,True,2023-01-21 21:55:55.865426779
P00787,Product_787,,1355.39,EUR,True,2023-08-31 15:01:49.558554173
P00788,Product_788,Electronics,152.33,USD,True,2022-07-25 21:43:11.687639952
P00789,Product_789,,351.96,USD,True,2024-07-30 08:00:38.133629799
P00790,Product_790,Furniture,1064.81,USD,True,2022-10-10 05:48:25.440144300
P00791,Product_791,,1236.5,USD,True,2022-09-05 22:34:12.078132391
P00792,Product_792,Clothing,1286.26,USD,True,2023-06-11 09:09:55.455872059
P00793,Product_793,Furniture,625.59,INR,True,2023-07-01 05:48:17.654398203
P00794,Product_794,Electronics,138.56,USD,True,2022-08-24 12:26:23.324900150
P00795,Product_795,Furniture,659.48,INR,True,2022-10-25 16:29:59.634085417
P00796,Product_796,Electronics,349.95,USD,True,2022-07-05 19:51:13.265999317
P00797,Product_797,Electronics,440.34,INR,True,2024-02-26 17:08:00.550798178
P00798,Product_798,Electronics,1159.54,USD,True,2024-04-23 05:56:23.068886280
P00799,Product_799,Furniture,117.91,INR,True,2023-05-22 05:59:34.487627745
P00800,Product_800,Books,1242.23,USD,True,2024-02-21 22:12:25.042184114
P00801,Product_801,Electronics,644.37,EUR,True,2024-03-16 20:22:55.560417891
P00802,Product_802,Electronics,896.12,INR,True,2022-06-01 09:52:51.122542143
P00803,Product_803,Clothing,139.03,USD,True,2024-11-23 23:09:30.573545933
P00804,Product_804,Electronics,509.35,USD,True,2024-06-18 00:43:10.450899124
P00805,Product_805,Electronics,139.1,USD,True,2022-08-12 21:49:31.296814442
P00806,Product_806,Electronics,1442.51,INR,True,2022-07-23 20:25:01.701864243
P00807,Product_807,,1211.86,USD,True,2022-05-18 14:22:29.660993099
P00808,Product_808,Books,692.15,USD,True,2022-06-01 12:35:19.044965744
P00809,Product_809,Furniture,339.29,USD,True,2024-03-30 05:41:31.482506990
P00810,Product_810,Clothing,1400.52,USD,True,2023-05-30 06:30:49.941679239
P00811,Product_811,Clothing,520.17,EUR,True,2024-05-07 07:30:36.214573383
P00812,Product_812,Clothing,245.67,USD,True,2024-03-28 03:34:43.044684172
P00813,Product_813,Clothing,846.93,USD,False,2023-10-25 01:13:19.599302053
P00814,Product_814,Clothing,1415.94,INR,True,2024-01-22 13:42:51.915195704
P00815,Product_815,Electronics,10.73,USD,True,2022-01-21 02:23:18.372061729
P00816,Product_816,Electronics,361.0,USD,True,2022-12-08 09:30:59.608929634
P00817,Product_817,Furniture,1407.98,USD,True,2023-11-30 09:58:00.735374212
P00818,Product_818,Books,260.77,USD,True,2022-01-11 05:35:07.359426498
P00819,Product_819,Clothing,174.3,USD,True,2022-02-06 02:38:02.687922716
P00820,Product_820,Books,857.43,EUR,True,2024-07-21 19:36:58.245558023
P00821,Product_821,,1293.46,USD,True,2024-01-20 00:10:24.114963531
P00822,Product_822,Electronics,718.28,USD,True,2022-10-18 13:54:59.711049557
P00823,Product_823,Clothing,1491.87,USD,True,2024-01-24 07:39:48.377950907
P00824,Product_824,Clothing,1020.36,USD,True,2024-05-17 17:45:40.553927422
P00825,Product_825,,115.74,EUR,True,2022-12-02 22:33:13.536480427
P00826,Product_826,,1489.28,USD,True,2022-02-09 11:03:44.210443020
P00827,Product_827,Clothing,614.8,USD,True,2024-10-18 09:26:07.428457260
P00828,Product_828,Electronics,434.67,USD,True,2023-01-13 23:19:34.141473055
P00829,Product_829,Books,839.03,USD,True,2022-04-27 14:20:26.660839558
P00830,Product_830,Electronics,459.94,USD,True,2023-06-23 13:59:54.888762951
P00831,Product_831,Books,134.25,USD,True,2024-04-21 11:20:01.212192297
P00832,Product_832,,7.14,USD,False,2022-08-31 16:53:29.141338110
P00833,Product_833,Furniture,677.13,EUR,True,2022-10-23 02:11:54.663017273
P00834,Product_834,Clothing,1256.11,USD,True,2022-09-23 18:32:59.471040249
P00835,Product_835,Furniture,860.61,EUR,True,2024-12-21 21:10:04.182299376
P00836,Product_836,Furniture,1498.81,EUR,True,2022-08-05 03:46:12.440779209
P00837,Product_837,Furniture,433.84,USD,True,2023-09-23 04:40:16.686731100
P00838,Product_838,Books,424.28,USD,True,2024-10-10 03:57:17.217882156
P00839,Product_839,,243.83,USD,True,2022-06-10 20:26:30.588388920
P00840,Product_840,,250.28,USD,True,2024-11-29 02:02:53.951867342
P00841,Product_841,Electronics,431.35,EUR,True,2024-11-03 11:42:06.191701174
P00842,Product_842,Books,1190.3,USD,True,2024-08-26 14:33:06.551608086
P00843,Product_843,Books,1359.11,USD,True,2022-08-23 22:32:43.369988918
P00844,Product_844,Electronics,1462.76,USD,True,2023-11-26 06:58:00.739087105
P00845,Product_845,Electronics,352.27,USD,True,2024-04-13 04:13:40.473917007
P00846,Product_846,Electronics,1322.54,USD,True,2024-12-15 16:48:50.230807781
P00847,Product_847,,495.74,EUR,True,2022-07-17 13:32:16.959474325
P00848,Product_848,Clothing,173.7,USD,True,2024-04-18 19:09:38.301721573
P00849,Product_849,Books,1305.69,EUR,True,2023-01-06 23:41:41.084464312
P00850,Product_850,Electronics,955.98,USD,True,2022-07-12 07:27:48.654457569
P00851,Product_851,Books,251.27,USD,True,2023-04-07 09:47:09.654360294
P00852,Product_852,Electronics,647.6,USD,False,2024-05-19 06:00:27.976556301
P00853,Product_853,Furniture,434.45,USD,True,2023-05-25 00:15:10.228832960
P00854,Product_854,Clothing,1106.51,USD,False,2023-08-12 14:06:25.464010000
P00855,Product_855,Electronics,682.86,EUR,True,2024-12-25 16:47:21.480213165
P00856,Product_856,Books,1483.97,EUR,True,2023-03-14 00:35:32.612529039
P00857,Product_857,Electronics,86.84,USD,True,2023-11-05 20:43:54.601531744
P00858,Product_858,Clothing,535.75,USD,True,2023-02-04 22:37:03.426427126
P00859,Product_859,Furniture,725.44,USD,True,2023-03-07 02:24:24.427866220
P00860,Product_860,Clothing,757.18,EUR,True,2024-02-01 17:26:20.401963234
P00861,Product_861,Electronics,477.32,USD,True,2024-10-23 23:40:11.034384727
P00862,Product_862,Electronics,1095.21,INR,True,2023-08-17 21:11:35.588177443
P00863,Product_863,,1312.75,USD,True,2024-04-21 09:33:00.477986097
P00864,Product_864,Electronics,1408.39,USD,True,2022-04-08 16:20:54.116555214
P00865,Product_865,Books,1208.61,INR,True,2022-08-20 05:13:59.605359793
P00866,Product_866,,1276.62,USD,True,2023-07-04 20:01:10.284115076
P00867,Product_867,Electronics,828.07,USD,True,2022-01-22 21:54:29.149071217
P00868,Product_868,Electronics,1239.7,USD,True,2022-10-04 21:01:43.830768108
P00869,Product_869,Clothing,458.74,USD,True,2023-07-21 13:18:21.227760315
P00870,Product_870,,600.73,USD,True,2022-01-17 09:10:49.044632196
P00871,Product_871,,478.78,USD,True,2022-10-17 16:16:35.047273397
P00872,Product_872,Clothing,703.74,EUR,True,2023-07-17 20:43:47.768973112
P00873,Product_873,Books,431.94,USD,True,2023-09-20 14:21:44.053009748
P00874,Product_874,Electronics,1442.61,INR,True,2024-10-10 16:45:16.176576376
P00875,Product_875,,472.7,USD,True,2023-12-08 15:40:58.724493504
P00876,Product_876,,151.58,USD,True,2023-03-31 03:15:24.805757761
P00877,Product_877,Electronics,792.59,USD,True,2024-10-15 17:37:44.166205168
P00878,Product_878,Electronics,90.36,USD,True,2024-05-09 10:43:29.292352438
P00879,Product_879,Electronics,170.26,USD,True,2022-08-08 00:14:04.008634806
P00880,Product_880,Electronics,332.99,INR,True,2022-05-24 06:32:14.122489214
P00881,Product_881,Books,699.2,USD,False,2024-01-11 00:19:47.234348536
P00882,Product_882,Furniture,652.71,USD,True,2023-09-06 01:43:46.528907299
P00883,Product_883,Electronics,1200.54,USD,True,2024-05-14 16:37:21.253705024
P00884,Product_884,Furniture,1110.51,EUR,True,2024-03-19 23:47:48.177844286
P00885,Product_885,,642.35,EUR,True,2023-11-16 14:33:32.795191765
P00886,Product_886,Clothing,503.89,USD,True,2024-12-16 02:07:24.493466139
P00887,Product_887,Furniture,478.12,USD,True,2023-08-08 06:44:17.186285496
P00888,Product_888,Electronics,1162.12,USD,True,2022-05-04 20:25:09.411114693
P00889,Product_889,,82.85,USD,True,2024-06-25 23:01:45.420110941
P00890,Product_890,Books,24.17,USD,True,2022-10-03 18:42:22.904802799
P00891,Product_891,Electronics,1194.34,USD,True,2024-05-01 03:30:01.631599903
P00892,Product_892,Electronics,718.33,USD,True,2024-11-14 00:46:28.138372898
P00893,Product_893,Electronics,200.67,USD,True,2024-02-02 23:47:09.985138416
P00894,Product_894,Electronics,357.17,USD,True,2023-10-15 15:40:21.467138767
P00895,Product_895,Clothing,1399.09,INR,True,2023-05-20 02:56:55.308264256
P00896,Product_896,,1289.96,INR,True,2023-02-04 00:41:28.602093220
P00897,Product_897,Furniture,1066.13,USD,True,2023-01-22 12:57:53.479943514
P00898,Product_898,Books,725.93,USD,True,2023-11-28 19:52:28.941772938
P00899,Product_899,Furniture,782.88,USD,False,2024-04-02 15:27:27.047246218
P00900,Product_900,Books,1462.99,USD,True,2024-01-13 23:25:42.909781456
P00901,Product_901,Books,1448.83,EUR,True,2022-08-06 06:13:02.853720665
P00902,Product_902,Electronics,326.83,USD,True,2023-06-25 21:58:59.139015436
P00903,Product_903,Furniture,1217.6,EUR,True,2024-05-16 20:18:03.949095249
P00904,Product_904,Clothing,299.88,INR,True,2023-06-05 21:30:11.429310322
P00905,Product_905,Electronics,324.24,USD,True,2023-08-11 14:27:35.249215603
P00906,Product_906,Furniture,1015.76,USD,True,2024-04-24 09:27:19.245345116
P00907,Product_907,Clothing,610.48,USD,True,2023-12-26 02:03:08.095127821
P00908,Product_908,,1397.66,USD,True,2023-03-25 05:35:04.274841309
P00909,Product_909,Furniture,138.07,USD,True,2024-09-07 11:26:45.780662775
P00910,Product_910,Books,769.73,USD,True,2022-06-28 00:15:45.232114315
P00911,Product_911,Furniture,1378.19,EUR,True,2024-12-26 02:10:20.168233395
P00912,Product_912,Books,1356.65,USD,False,2022-05-11 03:26:44.744479895
P00913,Product_913,Clothing,239.01,USD,True,2022-01-17 08:53:06.866229773
P00914,Product_914,Books,553.12,USD,True,2024-09-01 13:41:48.199882269
P00915,Product_915,Furniture,930.59,USD,True,2022-09-26 05:22:41.519486427
P00916,Product_916,Clothing,243.3,USD,False,2024-03-10 00:30:22.353479385
P00917,Product_917,Clothing,1452.19,EUR,True,2024-06-07 01:29:02.591573238
P00918,Product_918,Furniture,1372.55,USD,True,2024-07-29 14:09:44.482766628
P00919,Product_919,Electronics,254.59,USD,True,2024-12-21 19:05:47.447715521
P00920,Product_920,Electronics,186.13,USD,True,2022-11-18 23:21:48.887464285
P00921,Product_921,Electronics,132.69,USD,True,2024-02-17 17:11:42.093054056
P00922,Product_922,Books,1364.62,EUR,True,2022-05-07 08:42:29.792232513
P00923,Product_923,Electronics,294.47,USD,True,2023-03-22 10:56:53.436688900
P00924,Product_924,Electronics,627.35,EUR,False,2024-07-17 12:41:45.960917473
P00925,Product_925,Books,676.03,USD,True,2023-02-07 14:03:12.421560049
P00926,Product_926,Furniture,900.52,USD,True,2023-10-10 05:59:11.761713266
P00927,Product_927,Clothing,112.24,USD,True,2023-07-06 15:09:57.963900089
P00928,Product_928,Electronics,344.0,USD,False,2023-12-09 07:36:22.455448389
P00929,Product_929,,1397.58,USD,True,2024-12-01 07:39:52.391191006
P00930,Product_930,Books,1363.07,EUR,True,2022-03-03 00:43:46.691244602
P00931,Product_931,Books,1173.03,USD,True,2023-09-21 11:42:31.247794151
P00932,Product_932,Furniture,34.0,USD,True,2024-08-03 00:23:46.747310877
P00933,Product_933,Books,493.88,USD,True,2023-06-12 02:44:15.593095303
P00934,Product_934,Electronics,943.8,USD,True,2022-03-27 23:41:40.007560253
P00935,Product_935,Electronics,416.41,USD,True,2023-09-06 18:58:27.053445816
P00936,Product_936,Electronics,1364.83,USD,True,2022-12-30 14:54:06.663059950
P00937,Product_937,Clothing,952.66,USD,True,2022-06-19 15:52:12.427251339
P00938,Product_938,Furniture,112.5,USD,True,2024-07-18 16:37:37.232722759
P00939,Product_939,Clothing,1363.96,USD,True,2023-07-26 03:38:06.725064039
P00940,Product_940,Electronics,1436.86,USD,True,2024-10-18 22:30:14.822358847
P00941,Product_941,Furniture,121.18,USD,True,2024-06-01 14:06:49.467487097
P00942,Product_942,Books,800.88,USD,True,2024-01-29 19:17:55.465339184
P00943,Product_943,Furniture,458.53,INR,True,2022-01-06 12:04:12.822385550
P00944,Product_944,Books,592.29,USD,True,2023-04-14 11:12:01.585631609
P00945,Product_945,Electronics,273.58,USD,True,2022-08-05 05:56:22.134535551
P00946,Product_946,Books,869.22,USD,True,2024-09-24 07:46:08.768511295
P00947,Product_947,Clothing,1437.18,USD,True,2022-07-11 04:04:01.622261047
P00948,Product_948,Electronics,757.09,EUR,True,2022-11-10 05:39:29.367381573
P00949,Product_949,Electronics,128.96,USD,True,2023-07-20 22:28:12.921825409
P00950,Product_950,Clothing,931.9,INR,True,2022-10-16 09:11:45.266170263
P00951,Product_951,Books,513.63,EUR,True,2022-08-18 19:14:37.388023138
P00952,Product_952,Furniture,1284.61,USD,False,2023-10-19 00:19:48.949321270
P00953,Product_953,Electronics,654.84,USD,True,2022-04-08 09:04:04.288807392
P00954,Product_954,Books,293.3,USD,True,2022-03-05 16:38:55.317069292
P00955,Product_955,Clothing,290.7,USD,True,2023-02-12 14:36:22.886963844
P00956,Product_956,Furniture,1154.3,USD,True,2024-02-29 03:03:42.712079763
P00957,Product_957,Furniture,402.05,USD,True,2023-08-31 12:19:17.786781788
P00958,Product_958,Electronics,1152.01,USD,True,2023-04-09 01:11:36.928704977
P00959,Product_959,Clothing,312.8,USD,True,2023-09-12 11:57:03.988159180
P00960,Product_960,Furniture,485.92,USD,True,2023-02-05 04:03:54.060076952
P00961,Product_961,,700.9,EUR,True,2024-10-22 01:55:32.502561331
P00962,Product_962,Furniture,1415.08,USD,True,2022-03-02 02:54:01.919286489
P00963,Product_963,Furniture,1397.94,EUR,True,2024-01-08 08:43:41.048054695
P00964,Product_964,Clothing,314.27,USD,True,2024-09-02 22:54:30.354023933
P00965,Product_965,,540.54,USD,True,2024-05-30 06:05:24.524024963
P00966,Product_966,Books,228.35,USD,True,2022-07-21 12:35:54.222387314
P00967,Product_967,Furniture,767.43,USD,True,2022-11-21 00:56:40.024327040
P00968,Product_968,Books,693.57,USD,True,2024-02-25 04:01:11.385201693
P00969,Product_969,Clothing,1351.64,USD,True,2022-04-03 06:37:49.062973976
P00970,Product_970,Furniture,1395.36,EUR,False,2024-06-07 23:43:31.697761059
P00971,Product_971,Electronics,578.43,USD,True,2024-02-27 04:52:28.215169907
P00972,Product_972,Furniture,740.15,USD,True,2024-03-09 22:03:45.870857239
P00973,Product_973,Electronics,1344.87,EUR,True,2022-04-20 18:20:35.558276176
P00974,Product_974,,1211.03,EUR,True,2024-02-25 22:44:49.623973846
P00975,Product_975,Furniture,10.47,USD,True,2024-01-15 09:37:13.190810919
P00976,Product_976,,483.49,USD,True,2024-06-28 20:38:35.011673689
P00977,Product_977,Clothing,635.55,EUR,False,2022-02-15 13:08:30.229511976
P00978,Product_978,Clothing,348.43,USD,True,2022-01-26 07:20:54.122400999
P00979,Product_979,Clothing,303.36,USD,True,2023-02-13 10:37:35.705310822
P00980,Product_980,Electronics,61.49,USD,True,2022-06-12 22:09:21.958400726
P00981,Product_981,Furniture,966.84,EUR,True,2023-09-04 10:20:38.653963566
P00982,Product_982,Electronics,397.45,USD,True,2024-10-01 11:55:44.873750448
P00983,Product_983,Clothing,83.26,INR,True,2023-03-05 16:05:14.327440500
P00984,Product_984,Furniture,350.31,USD,True,2024-07-14 05:17:45.293006420
P00985,Product_985,Books,1203.86,EUR,True,2022-01-01 06:19:48.656386375
P00986,Product_986,Electronics,1277.98,USD,True,2022-07-04 12:33:53.388386488
P00987,Product_987,Electronics,727.18,USD,False,2022-02-03 07:31:50.239593744
P00988,Product_988,Furniture,627.03,EUR,True,2022-12-26 07:42:28.454169512
P00989,Product_989,,1466.89,USD,True,2024-09-21 11:13:21.269654751
P00990,Product_990,Books,304.84,USD,True,2022-04-17 03:54:06.509453057
P00991,Product_991,Furniture,326.96,USD,True,2023-10-27 00:26:56.158177376
P00992,Product_992,Clothing,441.34,USD,True,2023-05-10 09:18:47.808212280
P00993,Product_993,Electronics,263.27,USD,True,2024-10-24 14:56:40.635504723
P00994,Product_994,,572.15,USD,True,2022-05-15 03:48:11.037149429
P00995,Product_995,Clothing,1366.7,USD,True,2022-08-21 04:05:30.880314827
P00996,Product_996,Electronics,924.95,USD,True,2022-02-02 08:21:46.566396236
P00997,Product_997,Clothing,620.86,USD,True,2023-04-21 03:49:06.097125053
P00998,Product_998,Electronics,1401.94,USD,True,2022-11-01 05:26:54.962012768
P00999,Product_999,,77.45,EUR,True,2024-08-10 13:07:40.593495369
P01000,Product_1000,Electronics,319.36,USD,True,2023-10-25 09:50:40.455013275
